Winner,Loser,Winner_Name,Loser_Name
1,2,['Rafael-Nadal'],['Juan-Monaco']
1,3,['Rafael-Nadal'],['Juan-Martin-Del-Potro']
1,3,['Rafael-Nadal'],['Juan-Martin-Del-Potro']
1,3,['Rafael-Nadal'],['Juan-Martin-Del-Potro']
1,3,['Rafael-Nadal'],['Juan-Martin-Del-Potro']
1,4,['Rafael-Nadal'],['Mardy-Fish']
1,4,['Rafael-Nadal'],['Mardy-Fish']
1,4,['Rafael-Nadal'],['Mardy-Fish']
4,1,['Mardy-Fish'],['Rafael-Nadal']
1,5,['Rafael-Nadal'],['Roger-Federer']
1,5,['Rafael-Nadal'],['Roger-Federer']
1,5,['Rafael-Nadal'],['Roger-Federer']
5,1,['Roger-Federer'],['Rafael-Nadal']
1,6,['Rafael-Nadal'],['Jo-Wilfried-Tsonga']
6,1,['Jo-Wilfried-Tsonga'],['Rafael-Nadal']
6,1,['Jo-Wilfried-Tsonga'],['Rafael-Nadal']
1,7,['Rafael-Nadal'],['Guillermo-Garcia-Lopez']
8,1,['Florian-Mayer'],['Rafael-Nadal']
1,9,['Rafael-Nadal'],['Milos-Raonic']
1,10,['Rafael-Nadal'],['Santiago-Giraldo']
1,10,['Rafael-Nadal'],['Santiago-Giraldo']
1,11,['Rafael-Nadal'],['Andy-Murray']
1,11,['Rafael-Nadal'],['Andy-Murray']
1,11,['Rafael-Nadal'],['Andy-Murray']
1,11,['Rafael-Nadal'],['Andy-Murray']
11,1,['Andy-Murray'],['Rafael-Nadal']
1,12,['Rafael-Nadal'],['Richard-Gasquet']
1,12,['Rafael-Nadal'],['Richard-Gasquet']
1,12,['Rafael-Nadal'],['Richard-Gasquet']
1,13,['Rafael-Nadal'],['David-Nalbandian']
1,14,['Rafael-Nadal'],['Gilles-Muller']
1,14,['Rafael-Nadal'],['Gilles-Muller']
1,15,['Rafael-Nadal'],['Andy-Roddick']
16,1,['Novak-Djokovic'],['Rafael-Nadal']
16,1,['Novak-Djokovic'],['Rafael-Nadal']
16,1,['Novak-Djokovic'],['Rafael-Nadal']
16,1,['Novak-Djokovic'],['Rafael-Nadal']
16,1,['Novak-Djokovic'],['Rafael-Nadal']
16,1,['Novak-Djokovic'],['Rafael-Nadal']
1,17,['Rafael-Nadal'],['Fernando-Verdasco']
1,18,['Rafael-Nadal'],['Ivan-Dodig']
18,1,['Ivan-Dodig'],['Rafael-Nadal']
1,19,['Rafael-Nadal'],['Ryan-Sweeting']
1,19,['Rafael-Nadal'],['Ryan-Sweeting']
1,19,['Rafael-Nadal'],['Ryan-Sweeting']
1,20,['Rafael-Nadal'],['Radek-Stepanek']
1,21,['Rafael-Nadal'],['John-Isner']
1,22,['Rafael-Nadal'],['Pablo-Andujar']
1,23,['Rafael-Nadal'],['Ivan-Ljubicic']
1,23,['Rafael-Nadal'],['Ivan-Ljubicic']
1,24,['Rafael-Nadal'],['Robin-Soderling']
1,25,['Rafael-Nadal'],['Feliciano-Lopez']
1,25,['Rafael-Nadal'],['Feliciano-Lopez']
1,26,['Rafael-Nadal'],['Marin-Cilic']
1,26,['Rafael-Nadal'],['Marin-Cilic']
1,27,['Rafael-Nadal'],['Marcos-Baghdatis']
1,28,['Rafael-Nadal'],['Michael-Llodra']
1,29,['Rafael-Nadal'],['Gael-Monfils']
1,30,['Rafael-Nadal'],['David-Ferrer']
1,30,['Rafael-Nadal'],['David-Ferrer']
30,1,['David-Ferrer'],['Rafael-Nadal']
1,31,['Rafael-Nadal'],['Jarkko-Nieminen']
1,32,['Rafael-Nadal'],['Kei-Nishikori']
1,33,['Rafael-Nadal'],['Alexandr-Dolgopolov']
1,34,['Rafael-Nadal'],['Tomas-Berdych']
1,35,['Rafael-Nadal'],['Somdev-K-Devvarman']
1,36,['Rafael-Nadal'],['Ivo-Karlovic']
1,37,['Rafael-Nadal'],['Olivier-Rochus']
1,38,['Rafael-Nadal'],['Bernard-Tomic']
1,39,['Rafael-Nadal'],['Karol-Beck']
1,40,['Rafael-Nadal'],['Ernests-Gulbis']
41,1,['Nikolay-Davydenko'],['Rafael-Nadal']
2,42,['Juan-Monaco'],['Gilles-Simon']
2,4,['Juan-Monaco'],['Mardy-Fish']
2,4,['Juan-Monaco'],['Mardy-Fish']
5,2,['Roger-Federer'],['Juan-Monaco']
5,2,['Roger-Federer'],['Juan-Monaco']
5,2,['Roger-Federer'],['Juan-Monaco']
2,43,['Juan-Monaco'],['Nicolas-Almagro']
2,44,['Juan-Monaco'],['Fabio-Fognini']
2,45,['Juan-Monaco'],['Juan-Carlos-Ferrero']
2,30,['Juan-Monaco'],['David-Ferrer']
30,2,['David-Ferrer'],['Juan-Monaco']
46,2,['Marcel-Granollers'],['Juan-Monaco']
47,2,['Stanislas-Wawrinka'],['Juan-Monaco']
47,2,['Stanislas-Wawrinka'],['Juan-Monaco']
18,2,['Ivan-Dodig'],['Juan-Monaco']
2,48,['Juan-Monaco'],['Janko-Tipsarevic']
48,2,['Janko-Tipsarevic'],['Juan-Monaco']
2,49,['Juan-Monaco'],['Andreas-Seppi']
2,49,['Juan-Monaco'],['Andreas-Seppi']
2,20,['Juan-Monaco'],['Radek-Stepanek']
2,32,['Juan-Monaco'],['Kei-Nishikori']
15,2,['Andy-Roddick'],['Juan-Monaco']
34,2,['Tomas-Berdych'],['Juan-Monaco']
34,2,['Tomas-Berdych'],['Juan-Monaco']
34,2,['Tomas-Berdych'],['Juan-Monaco']
36,2,['Ivo-Karlovic'],['Juan-Monaco']
2,50,['Juan-Monaco'],['Simone-Bolelli']
8,2,['Florian-Mayer'],['Juan-Monaco']
8,2,['Florian-Mayer'],['Juan-Monaco']
2,51,['Juan-Monaco'],['Carlos-Berlocq']
2,52,['Juan-Monaco'],['Mikhail-Kukushkin']
53,2,['Mikhail-Youzhny'],['Juan-Monaco']
17,2,['Fernando-Verdasco'],['Juan-Monaco']
2,29,['Juan-Monaco'],['Gael-Monfils']
25,2,['Feliciano-Lopez'],['Juan-Monaco']
2,54,['Juan-Monaco'],['Grigor-Dimitrov']
6,2,['Jo-Wilfried-Tsonga'],['Juan-Monaco']
2,55,['Juan-Monaco'],['Sergiy-Stakhovsky']
19,2,['Ryan-Sweeting'],['Juan-Monaco']
2,56,['Juan-Monaco'],['Victor-Hanescu']
2,57,['Juan-Monaco'],['Horacio-Zeballos']
2,58,['Juan-Monaco'],['Pablo-Cuevas']
2,59,['Juan-Monaco'],['Eduardo-Schwank']
60,2,['Robin-Haase'],['Juan-Monaco']
61,2,['Adrian-Mannarino'],['Juan-Monaco']
30,3,['David-Ferrer'],['Juan-Martin-Del-Potro']
3,62,['Juan-Martin-Del-Potro'],['Dmitry-Tursunov']
3,63,['Juan-Martin-Del-Potro'],['Kevin-Anderson']
3,63,['Juan-Martin-Del-Potro'],['Kevin-Anderson']
3,63,['Juan-Martin-Del-Potro'],['Kevin-Anderson']
3,64,['Juan-Martin-Del-Potro'],['Sam-Querrey']
46,3,['Marcel-Granollers'],['Juan-Martin-Del-Potro']
3,65,['Juan-Martin-Del-Potro'],['Philipp-Petzschner']
6,3,['Jo-Wilfried-Tsonga'],['Juan-Martin-Del-Potro']
3,66,['Juan-Martin-Del-Potro'],['James-Blake']
66,3,['James-Blake'],['Juan-Martin-Del-Potro']
3,48,['Juan-Martin-Del-Potro'],['Janko-Tipsarevic']
3,48,['Juan-Martin-Del-Potro'],['Janko-Tipsarevic']
3,16,['Juan-Martin-Del-Potro'],['Novak-Djokovic']
16,3,['Novak-Djokovic'],['Juan-Martin-Del-Potro']
3,42,['Juan-Martin-Del-Potro'],['Gilles-Simon']
42,3,['Gilles-Simon'],['Juan-Martin-Del-Potro']
3,49,['Juan-Martin-Del-Potro'],['Andreas-Seppi']
5,3,['Roger-Federer'],['Juan-Martin-Del-Potro']
3,31,['Juan-Martin-Del-Potro'],['Jarkko-Nieminen']
3,26,['Juan-Martin-Del-Potro'],['Marin-Cilic']
26,3,['Marin-Cilic'],['Juan-Martin-Del-Potro']
40,3,['Ernests-Gulbis'],['Juan-Martin-Del-Potro']
3,52,['Juan-Martin-Del-Potro'],['Mikhail-Kukushkin']
3,37,['Juan-Martin-Del-Potro'],['Olivier-Rochus']
3,67,['Juan-Martin-Del-Potro'],['Denis-Istomin']
3,68,['Juan-Martin-Del-Potro'],['Igor-Kunitsyn']
61,3,['Adrian-Mannarino'],['Juan-Martin-Del-Potro']
3,36,['Juan-Martin-Del-Potro'],['Ivo-Karlovic']
3,53,['Juan-Martin-Del-Potro'],['Mikhail-Youzhny']
3,24,['Juan-Martin-Del-Potro'],['Robin-Soderling']
3,24,['Juan-Martin-Del-Potro'],['Robin-Soderling']
3,58,['Juan-Martin-Del-Potro'],['Pablo-Cuevas']
3,17,['Juan-Martin-Del-Potro'],['Fernando-Verdasco']
17,3,['Fernando-Verdasco'],['Juan-Martin-Del-Potro']
3,69,['Juan-Martin-Del-Potro'],['Philipp-Kohlschreiber']
3,69,['Juan-Martin-Del-Potro'],['Philipp-Kohlschreiber']
3,4,['Juan-Martin-Del-Potro'],['Mardy-Fish']
4,3,['Mardy-Fish'],['Juan-Martin-Del-Potro']
3,20,['Juan-Martin-Del-Potro'],['Radek-Stepanek']
3,23,['Juan-Martin-Del-Potro'],['Ivan-Ljubicic']
3,33,['Juan-Martin-Del-Potro'],['Alexandr-Dolgopolov']
3,70,['Juan-Martin-Del-Potro'],['Tommy-Robredo']
3,21,['Juan-Martin-Del-Potro'],['John-Isner']
3,18,['Juan-Martin-Del-Potro'],['Ivan-Dodig']
15,3,['Andy-Roddick'],['Juan-Martin-Del-Potro']
3,71,['Juan-Martin-Del-Potro'],['Lleyton-Hewitt']
27,3,['Marcos-Baghdatis'],['Juan-Martin-Del-Potro']
3,25,['Juan-Martin-Del-Potro'],['Feliciano-Lopez']
8,3,['Florian-Mayer'],['Juan-Martin-Del-Potro']
6,4,['Jo-Wilfried-Tsonga'],['Mardy-Fish']
6,4,['Jo-Wilfried-Tsonga'],['Mardy-Fish']
5,4,['Roger-Federer'],['Mardy-Fish']
4,8,['Mardy-Fish'],['Florian-Mayer']
66,4,['James-Blake'],['Mardy-Fish']
4,38,['Mardy-Fish'],['Bernard-Tomic']
38,4,['Bernard-Tomic'],['Mardy-Fish']
4,72,['Mardy-Fish'],['Ryan-Harrison']
4,72,['Mardy-Fish'],['Ryan-Harrison']
4,72,['Mardy-Fish'],['Ryan-Harrison']
4,40,['Mardy-Fish'],['Ernests-Gulbis']
4,40,['Mardy-Fish'],['Ernests-Gulbis']
40,4,['Ernests-Gulbis'],['Mardy-Fish']
4,63,['Mardy-Fish'],['Kevin-Anderson']
4,41,['Mardy-Fish'],['Nikolay-Davydenko']
4,12,['Mardy-Fish'],['Richard-Gasquet']
4,12,['Mardy-Fish'],['Richard-Gasquet']
11,4,['Andy-Murray'],['Mardy-Fish']
4,25,['Mardy-Fish'],['Feliciano-Lopez']
25,4,['Feliciano-Lopez'],['Mardy-Fish']
4,47,['Mardy-Fish'],['Stanislas-Wawrinka']
4,48,['Mardy-Fish'],['Janko-Tipsarevic']
16,4,['Novak-Djokovic'],['Mardy-Fish']
16,4,['Novak-Djokovic'],['Mardy-Fish']
4,14,['Mardy-Fish'],['Gilles-Muller']
4,68,['Mardy-Fish'],['Igor-Kunitsyn']
4,35,['Mardy-Fish'],['Somdev-K-Devvarman']
4,21,['Mardy-Fish'],['John-Isner']
21,4,['John-Isner'],['Mardy-Fish']
4,30,['Mardy-Fish'],['David-Ferrer']
30,4,['David-Ferrer'],['Mardy-Fish']
4,46,['Mardy-Fish'],['Marcel-Granollers']
4,67,['Mardy-Fish'],['Denis-Istomin']
4,60,['Mardy-Fish'],['Robin-Haase']
4,60,['Mardy-Fish'],['Robin-Haase']
4,34,['Mardy-Fish'],['Tomas-Berdych']
42,4,['Gilles-Simon'],['Mardy-Fish']
4,10,['Mardy-Fish'],['Santiago-Giraldo']
4,23,['Mardy-Fish'],['Ivan-Ljubicic']
26,4,['Marin-Cilic'],['Mardy-Fish']
4,73,['Mardy-Fish'],['Albert-Ramos']
32,4,['Kei-Nishikori'],['Mardy-Fish']
9,4,['Milos-Raonic'],['Mardy-Fish']
9,4,['Milos-Raonic'],['Mardy-Fish']
4,64,['Mardy-Fish'],['Sam-Querrey']
4,56,['Mardy-Fish'],['Victor-Hanescu']
70,4,['Tommy-Robredo'],['Mardy-Fish']
4,61,['Mardy-Fish'],['Adrian-Mannarino']
20,4,['Radek-Stepanek'],['Mardy-Fish']
5,6,['Roger-Federer'],['Jo-Wilfried-Tsonga']
5,6,['Roger-Federer'],['Jo-Wilfried-Tsonga']
5,6,['Roger-Federer'],['Jo-Wilfried-Tsonga']
5,6,['Roger-Federer'],['Jo-Wilfried-Tsonga']
5,6,['Roger-Federer'],['Jo-Wilfried-Tsonga']
5,6,['Roger-Federer'],['Jo-Wilfried-Tsonga']
6,5,['Jo-Wilfried-Tsonga'],['Roger-Federer']
6,5,['Jo-Wilfried-Tsonga'],['Roger-Federer']
5,30,['Roger-Federer'],['David-Ferrer']
5,61,['Roger-Federer'],['Adrian-Mannarino']
5,61,['Roger-Federer'],['Adrian-Mannarino']
5,12,['Roger-Federer'],['Richard-Gasquet']
5,12,['Roger-Federer'],['Richard-Gasquet']
12,5,['Richard-Gasquet'],['Roger-Federer']
5,34,['Roger-Federer'],['Tomas-Berdych']
34,5,['Tomas-Berdych'],['Roger-Federer']
5,74,['Roger-Federer'],['Potito-Starace']
5,31,['Roger-Federer'],['Jarkko-Nieminen']
5,15,['Roger-Federer'],['Andy-Roddick']
5,47,['Roger-Federer'],['Stanislas-Wawrinka']
5,47,['Roger-Federer'],['Stanislas-Wawrinka']
5,47,['Roger-Federer'],['Stanislas-Wawrinka']
5,47,['Roger-Federer'],['Stanislas-Wawrinka']
5,32,['Roger-Federer'],['Kei-Nishikori']
5,71,['Roger-Federer'],['Lleyton-Hewitt']
5,38,['Roger-Federer'],['Bernard-Tomic']
5,10,['Roger-Federer'],['Santiago-Giraldo']
5,26,['Roger-Federer'],['Marin-Cilic']
5,26,['Roger-Federer'],['Marin-Cilic']
5,16,['Roger-Federer'],['Novak-Djokovic']
16,5,['Novak-Djokovic'],['Roger-Federer']
16,5,['Novak-Djokovic'],['Roger-Federer']
16,5,['Novak-Djokovic'],['Roger-Federer']
16,5,['Novak-Djokovic'],['Roger-Federer']
5,66,['Roger-Federer'],['James-Blake']
5,75,['Roger-Federer'],['Rui-Machado']
5,52,['Roger-Federer'],['Mikhail-Kukushkin']
5,13,['Roger-Federer'],['David-Nalbandian']
5,53,['Roger-Federer'],['Mikhail-Youzhny']
5,25,['Roger-Federer'],['Feliciano-Lopez']
5,25,['Roger-Federer'],['Feliciano-Lopez']
5,48,['Roger-Federer'],['Janko-Tipsarevic']
5,29,['Roger-Federer'],['Gael-Monfils']
5,76,['Roger-Federer'],['Xavier-Malisse']
5,76,['Roger-Federer'],['Xavier-Malisse']
5,24,['Roger-Federer'],['Robin-Soderling']
5,69,['Roger-Federer'],['Philipp-Kohlschreiber']
77,5,['Jurgen-Melzer'],['Roger-Federer']
5,20,['Roger-Federer'],['Radek-Stepanek']
5,37,['Roger-Federer'],['Olivier-Rochus']
5,42,['Roger-Federer'],['Gilles-Simon']
5,42,['Roger-Federer'],['Gilles-Simon']
5,78,['Roger-Federer'],['Igor-Andreev']
5,79,['Roger-Federer'],['Juan-Ignacio-Chela']
5,72,['Roger-Federer'],['Ryan-Harrison']
5,35,['Roger-Federer'],['Somdev-K-Devvarman']
5,46,['Roger-Federer'],['Marcel-Granollers']
5,55,['Roger-Federer'],['Sergiy-Stakhovsky']
5,70,['Roger-Federer'],['Tommy-Robredo']
5,80,['Roger-Federer'],['Viktor-Troicki']
5,41,['Roger-Federer'],['Nikolay-Davydenko']
6,34,['Jo-Wilfried-Tsonga'],['Tomas-Berdych']
6,34,['Jo-Wilfried-Tsonga'],['Tomas-Berdych']
34,6,['Tomas-Berdych'],['Jo-Wilfried-Tsonga']
6,7,['Jo-Wilfried-Tsonga'],['Guillermo-Garcia-Lopez']
6,7,['Jo-Wilfried-Tsonga'],['Guillermo-Garcia-Lopez']
6,49,['Jo-Wilfried-Tsonga'],['Andreas-Seppi']
6,49,['Jo-Wilfried-Tsonga'],['Andreas-Seppi']
6,16,['Jo-Wilfried-Tsonga'],['Novak-Djokovic']
16,6,['Novak-Djokovic'],['Jo-Wilfried-Tsonga']
16,6,['Novak-Djokovic'],['Jo-Wilfried-Tsonga']
6,21,['Jo-Wilfried-Tsonga'],['John-Isner']
64,6,['Sam-Querrey'],['Jo-Wilfried-Tsonga']
6,31,['Jo-Wilfried-Tsonga'],['Jarkko-Nieminen']
6,76,['Jo-Wilfried-Tsonga'],['Xavier-Malisse']
76,6,['Xavier-Malisse'],['Jo-Wilfried-Tsonga']
32,6,['Kei-Nishikori'],['Jo-Wilfried-Tsonga']
6,54,['Jo-Wilfried-Tsonga'],['Grigor-Dimitrov']
6,54,['Jo-Wilfried-Tsonga'],['Grigor-Dimitrov']
6,54,['Jo-Wilfried-Tsonga'],['Grigor-Dimitrov']
6,45,['Jo-Wilfried-Tsonga'],['Juan-Carlos-Ferrero']
6,33,['Jo-Wilfried-Tsonga'],['Alexandr-Dolgopolov']
33,6,['Alexandr-Dolgopolov'],['Jo-Wilfried-Tsonga']
33,6,['Alexandr-Dolgopolov'],['Jo-Wilfried-Tsonga']
6,23,['Jo-Wilfried-Tsonga'],['Ivan-Ljubicic']
6,23,['Jo-Wilfried-Tsonga'],['Ivan-Ljubicic']
23,6,['Ivan-Ljubicic'],['Jo-Wilfried-Tsonga']
6,81,['Jo-Wilfried-Tsonga'],['Yen-Hsun-Lu']
6,17,['Jo-Wilfried-Tsonga'],['Fernando-Verdasco']
6,26,['Jo-Wilfried-Tsonga'],['Marin-Cilic']
82,6,['Alex-Bogomolov-Jr'],['Jo-Wilfried-Tsonga']
6,44,['Jo-Wilfried-Tsonga'],['Fabio-Fognini']
6,38,['Jo-Wilfried-Tsonga'],['Bernard-Tomic']
6,43,['Jo-Wilfried-Tsonga'],['Nicolas-Almagro']
6,43,['Jo-Wilfried-Tsonga'],['Nicolas-Almagro']
6,69,['Jo-Wilfried-Tsonga'],['Philipp-Kohlschreiber']
6,83,['Jo-Wilfried-Tsonga'],['Fernando-Gonzalez']
6,30,['Jo-Wilfried-Tsonga'],['David-Ferrer']
6,67,['Jo-Wilfried-Tsonga'],['Denis-Istomin']
20,6,['Radek-Stepanek'],['Jo-Wilfried-Tsonga']
6,84,['Jo-Wilfried-Tsonga'],['Michael-Berrer']
6,28,['Jo-Wilfried-Tsonga'],['Michael-Llodra']
6,28,['Jo-Wilfried-Tsonga'],['Michael-Llodra']
11,6,['Andy-Murray'],['Jo-Wilfried-Tsonga']
6,78,['Jo-Wilfried-Tsonga'],['Igor-Andreev']
47,6,['Stanislas-Wawrinka'],['Jo-Wilfried-Tsonga']
6,27,['Jo-Wilfried-Tsonga'],['Marcos-Baghdatis']
6,85,['Jo-Wilfried-Tsonga'],['Pere-Riba']
24,6,['Robin-Soderling'],['Jo-Wilfried-Tsonga']
24,6,['Robin-Soderling'],['Jo-Wilfried-Tsonga']
58,6,['Pablo-Cuevas'],['Jo-Wilfried-Tsonga']
6,55,['Jo-Wilfried-Tsonga'],['Sergiy-Stakhovsky']
53,6,['Mikhail-Youzhny'],['Jo-Wilfried-Tsonga']
6,65,['Jo-Wilfried-Tsonga'],['Philipp-Petzschner']
6,86,['Jo-Wilfried-Tsonga'],['Ruben-Ramirez-Hidalgo']
7,10,['Guillermo-Garcia-Lopez'],['Santiago-Giraldo']
10,7,['Santiago-Giraldo'],['Guillermo-Garcia-Lopez']
7,66,['Guillermo-Garcia-Lopez'],['James-Blake']
77,7,['Jurgen-Melzer'],['Guillermo-Garcia-Lopez']
63,7,['Kevin-Anderson'],['Guillermo-Garcia-Lopez']
63,7,['Kevin-Anderson'],['Guillermo-Garcia-Lopez']
7,35,['Guillermo-Garcia-Lopez'],['Somdev-K-Devvarman']
7,35,['Guillermo-Garcia-Lopez'],['Somdev-K-Devvarman']
35,7,['Somdev-K-Devvarman'],['Guillermo-Garcia-Lopez']
35,7,['Somdev-K-Devvarman'],['Guillermo-Garcia-Lopez']
42,7,['Gilles-Simon'],['Guillermo-Garcia-Lopez']
7,20,['Guillermo-Garcia-Lopez'],['Radek-Stepanek']
87,7,['Lukasz-Kubot'],['Guillermo-Garcia-Lopez']
39,7,['Karol-Beck'],['Guillermo-Garcia-Lopez']
7,88,['Guillermo-Garcia-Lopez'],['Robert-Kendrick']
44,7,['Fabio-Fognini'],['Guillermo-Garcia-Lopez']
76,7,['Xavier-Malisse'],['Guillermo-Garcia-Lopez']
7,47,['Guillermo-Garcia-Lopez'],['Stanislas-Wawrinka']
16,7,['Novak-Djokovic'],['Guillermo-Garcia-Lopez']
7,67,['Guillermo-Garcia-Lopez'],['Denis-Istomin']
25,7,['Feliciano-Lopez'],['Guillermo-Garcia-Lopez']
12,7,['Richard-Gasquet'],['Guillermo-Garcia-Lopez']
58,7,['Pablo-Cuevas'],['Guillermo-Garcia-Lopez']
72,7,['Ryan-Harrison'],['Guillermo-Garcia-Lopez']
41,7,['Nikolay-Davydenko'],['Guillermo-Garcia-Lopez']
34,7,['Tomas-Berdych'],['Guillermo-Garcia-Lopez']
7,82,['Guillermo-Garcia-Lopez'],['Alex-Bogomolov-Jr']
18,7,['Ivan-Dodig'],['Guillermo-Garcia-Lopez']
7,84,['Guillermo-Garcia-Lopez'],['Michael-Berrer']
7,59,['Guillermo-Garcia-Lopez'],['Eduardo-Schwank']
11,7,['Andy-Murray'],['Guillermo-Garcia-Lopez']
55,7,['Sergiy-Stakhovsky'],['Guillermo-Garcia-Lopez']
7,52,['Guillermo-Garcia-Lopez'],['Mikhail-Kukushkin']
8,20,['Florian-Mayer'],['Radek-Stepanek']
8,20,['Florian-Mayer'],['Radek-Stepanek']
20,8,['Radek-Stepanek'],['Florian-Mayer']
8,48,['Florian-Mayer'],['Janko-Tipsarevic']
8,23,['Florian-Mayer'],['Ivan-Ljubicic']
23,8,['Ivan-Ljubicic'],['Florian-Mayer']
47,8,['Stanislas-Wawrinka'],['Florian-Mayer']
8,44,['Florian-Mayer'],['Fabio-Fognini']
8,13,['Florian-Mayer'],['David-Nalbandian']
25,8,['Feliciano-Lopez'],['Florian-Mayer']
25,8,['Feliciano-Lopez'],['Florian-Mayer']
8,73,['Florian-Mayer'],['Albert-Ramos']
8,73,['Florian-Mayer'],['Albert-Ramos']
8,51,['Florian-Mayer'],['Carlos-Berlocq']
8,22,['Florian-Mayer'],['Pablo-Andujar']
8,61,['Florian-Mayer'],['Adrian-Mannarino']
30,8,['David-Ferrer'],['Florian-Mayer']
8,36,['Florian-Mayer'],['Ivo-Karlovic']
36,8,['Ivo-Karlovic'],['Florian-Mayer']
12,8,['Richard-Gasquet'],['Florian-Mayer']
12,8,['Richard-Gasquet'],['Florian-Mayer']
8,43,['Florian-Mayer'],['Nicolas-Almagro']
43,8,['Nicolas-Almagro'],['Florian-Mayer']
76,8,['Xavier-Malisse'],['Florian-Mayer']
8,89,['Florian-Mayer'],['Dustin-Brown']
8,81,['Florian-Mayer'],['Yen-Hsun-Lu']
29,8,['Gael-Monfils'],['Florian-Mayer']
8,68,['Florian-Mayer'],['Igor-Kunitsyn']
8,80,['Florian-Mayer'],['Viktor-Troicki']
8,80,['Florian-Mayer'],['Viktor-Troicki']
80,8,['Viktor-Troicki'],['Florian-Mayer']
8,46,['Florian-Mayer'],['Marcel-Granollers']
8,77,['Florian-Mayer'],['Jurgen-Melzer']
8,79,['Florian-Mayer'],['Juan-Ignacio-Chela']
11,8,['Andy-Murray'],['Florian-Mayer']
90,8,['Thomaz-Bellucci'],['Florian-Mayer']
8,54,['Florian-Mayer'],['Grigor-Dimitrov']
8,65,['Florian-Mayer'],['Philipp-Petzschner']
8,41,['Florian-Mayer'],['Nikolay-Davydenko']
41,8,['Nikolay-Davydenko'],['Florian-Mayer']
8,53,['Florian-Mayer'],['Mikhail-Youzhny']
8,91,['Florian-Mayer'],['Albert-Montanes']
34,8,['Tomas-Berdych'],['Florian-Mayer']
8,26,['Florian-Mayer'],['Marin-Cilic']
26,8,['Marin-Cilic'],['Florian-Mayer']
8,31,['Florian-Mayer'],['Jarkko-Nieminen']
16,8,['Novak-Djokovic'],['Florian-Mayer']
84,8,['Michael-Berrer'],['Florian-Mayer']
32,8,['Kei-Nishikori'],['Florian-Mayer']
8,74,['Florian-Mayer'],['Potito-Starace']
8,38,['Florian-Mayer'],['Bernard-Tomic']
26,9,['Marin-Cilic'],['Milos-Raonic']
9,27,['Milos-Raonic'],['Marcos-Baghdatis']
9,65,['Milos-Raonic'],['Philipp-Petzschner']
65,9,['Philipp-Petzschner'],['Milos-Raonic']
9,54,['Milos-Raonic'],['Grigor-Dimitrov']
9,29,['Milos-Raonic'],['Gael-Monfils']
29,9,['Gael-Monfils'],['Milos-Raonic']
9,28,['Milos-Raonic'],['Michael-Llodra']
9,28,['Milos-Raonic'],['Michael-Llodra']
9,28,['Milos-Raonic'],['Michael-Llodra']
30,9,['David-Ferrer'],['Milos-Raonic']
30,9,['David-Ferrer'],['Milos-Raonic']
30,9,['David-Ferrer'],['Milos-Raonic']
14,9,['Gilles-Muller'],['Milos-Raonic']
9,22,['Milos-Raonic'],['Pablo-Andujar']
84,9,['Michael-Berrer'],['Milos-Raonic']
9,17,['Milos-Raonic'],['Fernando-Verdasco']
9,17,['Milos-Raonic'],['Fernando-Verdasco']
17,9,['Fernando-Verdasco'],['Milos-Raonic']
17,9,['Fernando-Verdasco'],['Milos-Raonic']
25,9,['Feliciano-Lopez'],['Milos-Raonic']
9,78,['Milos-Raonic'],['Igor-Andreev']
9,42,['Milos-Raonic'],['Gilles-Simon']
9,20,['Milos-Raonic'],['Radek-Stepanek']
9,20,['Milos-Raonic'],['Radek-Stepanek']
18,9,['Ivan-Dodig'],['Milos-Raonic']
9,40,['Milos-Raonic'],['Ernests-Gulbis']
35,9,['Somdev-K-Devvarman'],['Milos-Raonic']
72,9,['Ryan-Harrison'],['Milos-Raonic']
9,88,['Milos-Raonic'],['Robert-Kendrick']
15,9,['Andy-Roddick'],['Milos-Raonic']
9,76,['Milos-Raonic'],['Xavier-Malisse']
9,66,['Milos-Raonic'],['James-Blake']
9,81,['Milos-Raonic'],['Yen-Hsun-Lu']
9,53,['Milos-Raonic'],['Mikhail-Youzhny']
20,10,['Radek-Stepanek'],['Santiago-Giraldo']
10,18,['Santiago-Giraldo'],['Ivan-Dodig']
10,77,['Santiago-Giraldo'],['Jurgen-Melzer']
10,77,['Santiago-Giraldo'],['Jurgen-Melzer']
32,10,['Kei-Nishikori'],['Santiago-Giraldo']
10,60,['Santiago-Giraldo'],['Robin-Haase']
10,62,['Santiago-Giraldo'],['Dmitry-Tursunov']
62,10,['Dmitry-Tursunov'],['Santiago-Giraldo']
29,10,['Gael-Monfils'],['Santiago-Giraldo']
15,10,['Andy-Roddick'],['Santiago-Giraldo']
10,44,['Santiago-Giraldo'],['Fabio-Fognini']
10,91,['Santiago-Giraldo'],['Albert-Montanes']
10,91,['Santiago-Giraldo'],['Albert-Montanes']
91,10,['Albert-Montanes'],['Santiago-Giraldo']
92,10,['Andreas-Haider-Maurer'],['Santiago-Giraldo']
31,10,['Jarkko-Nieminen'],['Santiago-Giraldo']
10,93,['Santiago-Giraldo'],['Jeremy-Chardy']
87,10,['Lukasz-Kubot'],['Santiago-Giraldo']
12,10,['Richard-Gasquet'],['Santiago-Giraldo']
10,84,['Santiago-Giraldo'],['Michael-Berrer']
22,10,['Pablo-Andujar'],['Santiago-Giraldo']
10,33,['Santiago-Giraldo'],['Alexandr-Dolgopolov']
24,10,['Robin-Soderling'],['Santiago-Giraldo']
10,90,['Santiago-Giraldo'],['Thomaz-Bellucci']
10,90,['Santiago-Giraldo'],['Thomaz-Bellucci']
10,73,['Santiago-Giraldo'],['Albert-Ramos']
10,73,['Santiago-Giraldo'],['Albert-Ramos']
10,78,['Santiago-Giraldo'],['Igor-Andreev']
78,10,['Igor-Andreev'],['Santiago-Giraldo']
28,10,['Michael-Llodra'],['Santiago-Giraldo']
58,10,['Pablo-Cuevas'],['Santiago-Giraldo']
43,10,['Nicolas-Almagro'],['Santiago-Giraldo']
10,79,['Santiago-Giraldo'],['Juan-Ignacio-Chela']
10,74,['Santiago-Giraldo'],['Potito-Starace']
70,10,['Tommy-Robredo'],['Santiago-Giraldo']
10,75,['Santiago-Giraldo'],['Rui-Machado']
26,10,['Marin-Cilic'],['Santiago-Giraldo']
30,10,['David-Ferrer'],['Santiago-Giraldo']
10,42,['Santiago-Giraldo'],['Gilles-Simon']
63,10,['Kevin-Anderson'],['Santiago-Giraldo']
11,30,['Andy-Murray'],['David-Ferrer']
11,30,['Andy-Murray'],['David-Ferrer']
11,30,['Andy-Murray'],['David-Ferrer']
30,11,['David-Ferrer'],['Andy-Murray']
11,93,['Andy-Murray'],['Jeremy-Chardy']
11,15,['Andy-Murray'],['Andy-Roddick']
11,15,['Andy-Murray'],['Andy-Roddick']
34,11,['Tomas-Berdych'],['Andy-Murray']
11,62,['Andy-Murray'],['Dmitry-Tursunov']
11,47,['Andy-Murray'],['Stanislas-Wawrinka']
11,32,['Andy-Murray'],['Kei-Nishikori']
11,27,['Andy-Murray'],['Marcos-Baghdatis']
27,11,['Marcos-Baghdatis'],['Andy-Murray']
11,82,['Andy-Murray'],['Alex-Bogomolov-Jr']
11,82,['Andy-Murray'],['Alex-Bogomolov-Jr']
82,11,['Alex-Bogomolov-Jr'],['Andy-Murray']
11,13,['Andy-Murray'],['David-Nalbandian']
11,13,['Andy-Murray'],['David-Nalbandian']
11,84,['Andy-Murray'],['Michael-Berrer']
11,84,['Andy-Murray'],['Michael-Berrer']
11,54,['Andy-Murray'],['Grigor-Dimitrov']
11,42,['Andy-Murray'],['Gilles-Simon']
11,42,['Andy-Murray'],['Gilles-Simon']
11,42,['Andy-Murray'],['Gilles-Simon']
11,42,['Andy-Murray'],['Gilles-Simon']
11,35,['Andy-Murray'],['Somdev-K-Devvarman']
11,60,['Andy-Murray'],['Robin-Haase']
11,25,['Andy-Murray'],['Feliciano-Lopez']
11,25,['Andy-Murray'],['Feliciano-Lopez']
11,21,['Andy-Murray'],['John-Isner']
11,16,['Andy-Murray'],['Novak-Djokovic']
16,11,['Novak-Djokovic'],['Andy-Murray']
16,11,['Novak-Djokovic'],['Andy-Murray']
63,11,['Kevin-Anderson'],['Andy-Murray']
11,14,['Andy-Murray'],['Gilles-Muller']
11,23,['Andy-Murray'],['Ivan-Ljubicic']
11,12,['Andy-Murray'],['Richard-Gasquet']
11,76,['Andy-Murray'],['Xavier-Malisse']
11,76,['Andy-Murray'],['Xavier-Malisse']
11,48,['Andy-Murray'],['Janko-Tipsarevic']
11,26,['Andy-Murray'],['Marin-Cilic']
11,50,['Andy-Murray'],['Simone-Bolelli']
11,80,['Andy-Murray'],['Viktor-Troicki']
11,79,['Andy-Murray'],['Juan-Ignacio-Chela']
11,74,['Andy-Murray'],['Potito-Starace']
90,11,['Thomaz-Bellucci'],['Andy-Murray']
11,20,['Andy-Murray'],['Radek-Stepanek']
11,39,['Andy-Murray'],['Karol-Beck']
11,77,['Andy-Murray'],['Jurgen-Melzer']
11,33,['Andy-Murray'],['Alexandr-Dolgopolov']
12,63,['Richard-Gasquet'],['Kevin-Anderson']
12,63,['Richard-Gasquet'],['Kevin-Anderson']
12,37,['Richard-Gasquet'],['Olivier-Rochus']
14,12,['Gilles-Muller'],['Richard-Gasquet']
17,12,['Fernando-Verdasco'],['Richard-Gasquet']
12,55,['Richard-Gasquet'],['Sergiy-Stakhovsky']
36,12,['Ivo-Karlovic'],['Richard-Gasquet']
12,33,['Richard-Gasquet'],['Alexandr-Dolgopolov']
12,90,['Richard-Gasquet'],['Thomaz-Bellucci']
12,90,['Richard-Gasquet'],['Thomaz-Bellucci']
43,12,['Nicolas-Almagro'],['Richard-Gasquet']
12,68,['Richard-Gasquet'],['Igor-Kunitsyn']
12,50,['Richard-Gasquet'],['Simone-Bolelli']
12,20,['Richard-Gasquet'],['Radek-Stepanek']
12,46,['Richard-Gasquet'],['Marcel-Granollers']
16,12,['Novak-Djokovic'],['Richard-Gasquet']
16,12,['Novak-Djokovic'],['Richard-Gasquet']
12,91,['Richard-Gasquet'],['Albert-Montanes']
12,78,['Richard-Gasquet'],['Igor-Andreev']
12,34,['Richard-Gasquet'],['Tomas-Berdych']
34,12,['Tomas-Berdych'],['Richard-Gasquet']
12,79,['Richard-Gasquet'],['Juan-Ignacio-Chela']
29,12,['Gael-Monfils'],['Richard-Gasquet']
12,67,['Richard-Gasquet'],['Denis-Istomin']
12,58,['Richard-Gasquet'],['Pablo-Cuevas']
12,77,['Richard-Gasquet'],['Jurgen-Melzer']
12,15,['Richard-Gasquet'],['Andy-Roddick']
12,54,['Richard-Gasquet'],['Grigor-Dimitrov']
12,42,['Richard-Gasquet'],['Gilles-Simon']
12,94,['Richard-Gasquet'],['Arnaud-Clement']
84,12,['Michael-Berrer'],['Richard-Gasquet']
12,61,['Richard-Gasquet'],['Adrian-Mannarino']
12,49,['Richard-Gasquet'],['Andreas-Seppi']
80,12,['Viktor-Troicki'],['Richard-Gasquet']
13,76,['David-Nalbandian'],['Xavier-Malisse']
13,18,['David-Nalbandian'],['Ivan-Dodig']
13,18,['David-Nalbandian'],['Ivan-Dodig']
66,13,['James-Blake'],['David-Nalbandian']
66,13,['James-Blake'],['David-Nalbandian']
13,40,['David-Nalbandian'],['Ernests-Gulbis']
13,95,['David-Nalbandian'],['Lukas-Rosol']
13,80,['David-Nalbandian'],['Viktor-Troicki']
13,23,['David-Nalbandian'],['Ivan-Ljubicic']
13,32,['David-Nalbandian'],['Kei-Nishikori']
47,13,['Stanislas-Wawrinka'],['David-Nalbandian']
13,92,['David-Nalbandian'],['Andreas-Haider-Maurer']
17,13,['Fernando-Verdasco'],['David-Nalbandian']
13,74,['David-Nalbandian'],['Potito-Starace']
70,13,['Tommy-Robredo'],['David-Nalbandian']
13,51,['David-Nalbandian'],['Carlos-Berlocq']
57,13,['Horacio-Zeballos'],['David-Nalbandian']
13,71,['David-Nalbandian'],['Lleyton-Hewitt']
13,44,['David-Nalbandian'],['Fabio-Fognini']
13,65,['David-Nalbandian'],['Philipp-Petzschner']
13,21,['David-Nalbandian'],['John-Isner']
13,43,['David-Nalbandian'],['Nicolas-Almagro']
30,13,['David-Ferrer'],['David-Nalbandian']
14,63,['Gilles-Muller'],['Kevin-Anderson']
63,14,['Kevin-Anderson'],['Gilles-Muller']
49,14,['Andreas-Seppi'],['Gilles-Muller']
49,14,['Andreas-Seppi'],['Gilles-Muller']
69,14,['Philipp-Kohlschreiber'],['Gilles-Muller']
14,65,['Gilles-Muller'],['Philipp-Petzschner']
23,14,['Ivan-Ljubicic'],['Gilles-Muller']
14,40,['Gilles-Muller'],['Ernests-Gulbis']
14,68,['Gilles-Muller'],['Igor-Kunitsyn']
68,14,['Igor-Kunitsyn'],['Gilles-Muller']
32,14,['Kei-Nishikori'],['Gilles-Muller']
14,82,['Gilles-Muller'],['Alex-Bogomolov-Jr']
21,14,['John-Isner'],['Gilles-Muller']
39,14,['Karol-Beck'],['Gilles-Muller']
14,19,['Gilles-Muller'],['Ryan-Sweeting']
14,38,['Gilles-Muller'],['Bernard-Tomic']
24,14,['Robin-Soderling'],['Gilles-Muller']
15,20,['Andy-Roddick'],['Radek-Stepanek']
15,81,['Andy-Roddick'],['Yen-Hsun-Lu']
15,54,['Andy-Roddick'],['Grigor-Dimitrov']
15,43,['Andy-Roddick'],['Nicolas-Almagro']
15,30,['Andy-Roddick'],['David-Ferrer']
30,15,['David-Ferrer'],['Andy-Roddick']
30,15,['David-Ferrer'],['Andy-Roddick']
15,63,['Andy-Roddick'],['Kevin-Anderson']
15,63,['Andy-Roddick'],['Kevin-Anderson']
63,15,['Kevin-Anderson'],['Andy-Roddick']
15,21,['Andy-Roddick'],['John-Isner']
21,15,['John-Isner'],['Andy-Roddick']
69,15,['Philipp-Kohlschreiber'],['Andy-Roddick']
15,25,['Andy-Roddick'],['Feliciano-Lopez']
25,15,['Feliciano-Lopez'],['Andy-Roddick']
25,15,['Feliciano-Lopez'],['Andy-Roddick']
15,56,['Andy-Roddick'],['Victor-Hanescu']
15,17,['Andy-Roddick'],['Fernando-Verdasco']
42,15,['Gilles-Simon'],['Andy-Roddick']
58,15,['Pablo-Cuevas'],['Andy-Roddick']
15,66,['Andy-Roddick'],['James-Blake']
15,48,['Andy-Roddick'],['Janko-Tipsarevic']
15,71,['Andy-Roddick'],['Lleyton-Hewitt']
15,68,['Andy-Roddick'],['Igor-Kunitsyn']
15,60,['Andy-Roddick'],['Robin-Haase']
47,15,['Stanislas-Wawrinka'],['Andy-Roddick']
15,33,['Andy-Roddick'],['Alexandr-Dolgopolov']
15,27,['Andy-Roddick'],['Marcos-Baghdatis']
24,15,['Robin-Soderling'],['Andy-Roddick']
16,34,['Novak-Djokovic'],['Tomas-Berdych']
16,34,['Novak-Djokovic'],['Tomas-Berdych']
16,34,['Novak-Djokovic'],['Tomas-Berdych']
16,34,['Novak-Djokovic'],['Tomas-Berdych']
16,30,['Novak-Djokovic'],['David-Ferrer']
30,16,['David-Ferrer'],['Novak-Djokovic']
16,48,['Novak-Djokovic'],['Janko-Tipsarevic']
16,48,['Novak-Djokovic'],['Janko-Tipsarevic']
48,16,['Janko-Tipsarevic'],['Novak-Djokovic']
16,18,['Novak-Djokovic'],['Ivan-Dodig']
16,18,['Novak-Djokovic'],['Ivan-Dodig']
16,80,['Novak-Djokovic'],['Viktor-Troicki']
16,80,['Novak-Djokovic'],['Viktor-Troicki']
16,80,['Novak-Djokovic'],['Viktor-Troicki']
16,80,['Novak-Djokovic'],['Viktor-Troicki']
16,76,['Novak-Djokovic'],['Xavier-Malisse']
16,87,['Novak-Djokovic'],['Lukasz-Kubot']
16,87,['Novak-Djokovic'],['Lukasz-Kubot']
16,27,['Novak-Djokovic'],['Marcos-Baghdatis']
16,27,['Novak-Djokovic'],['Marcos-Baghdatis']
32,16,['Kei-Nishikori'],['Novak-Djokovic']
16,51,['Novak-Djokovic'],['Carlos-Berlocq']
16,41,['Novak-Djokovic'],['Nikolay-Davydenko']
16,41,['Novak-Djokovic'],['Nikolay-Davydenko']
16,33,['Novak-Djokovic'],['Alexandr-Dolgopolov']
16,72,['Novak-Djokovic'],['Ryan-Harrison']
16,20,['Novak-Djokovic'],['Radek-Stepanek']
16,29,['Novak-Djokovic'],['Gael-Monfils']
16,29,['Novak-Djokovic'],['Gael-Monfils']
16,26,['Novak-Djokovic'],['Marin-Cilic']
16,93,['Novak-Djokovic'],['Jeremy-Chardy']
16,63,['Novak-Djokovic'],['Kevin-Anderson']
16,63,['Novak-Djokovic'],['Kevin-Anderson']
16,63,['Novak-Djokovic'],['Kevin-Anderson']
16,28,['Novak-Djokovic'],['Michael-Llodra']
16,28,['Novak-Djokovic'],['Michael-Llodra']
16,38,['Novak-Djokovic'],['Bernard-Tomic']
16,56,['Novak-Djokovic'],['Victor-Hanescu']
16,44,['Novak-Djokovic'],['Fabio-Fognini']
16,47,['Novak-Djokovic'],['Stanislas-Wawrinka']
16,24,['Novak-Djokovic'],['Robin-Soderling']
16,90,['Novak-Djokovic'],['Thomaz-Bellucci']
16,25,['Novak-Djokovic'],['Feliciano-Lopez']
16,25,['Novak-Djokovic'],['Feliciano-Lopez']
16,67,['Novak-Djokovic'],['Denis-Istomin']
16,66,['Novak-Djokovic'],['James-Blake']
16,40,['Novak-Djokovic'],['Ernests-Gulbis']
16,46,['Novak-Djokovic'],['Marcel-Granollers']
16,43,['Novak-Djokovic'],['Nicolas-Almagro']
17,26,['Fernando-Verdasco'],['Marin-Cilic']
34,17,['Tomas-Berdych'],['Fernando-Verdasco']
34,17,['Tomas-Berdych'],['Fernando-Verdasco']
34,17,['Tomas-Berdych'],['Fernando-Verdasco']
30,17,['David-Ferrer'],['Fernando-Verdasco']
45,17,['Juan-Carlos-Ferrero'],['Fernando-Verdasco']
17,28,['Fernando-Verdasco'],['Michael-Llodra']
17,28,['Fernando-Verdasco'],['Michael-Llodra']
17,31,['Fernando-Verdasco'],['Jarkko-Nieminen']
17,90,['Fernando-Verdasco'],['Thomaz-Bellucci']
90,17,['Thomaz-Bellucci'],['Fernando-Verdasco']
17,48,['Fernando-Verdasco'],['Janko-Tipsarevic']
48,17,['Janko-Tipsarevic'],['Fernando-Verdasco']
17,41,['Fernando-Verdasco'],['Nikolay-Davydenko']
17,20,['Fernando-Verdasco'],['Radek-Stepanek']
20,17,['Radek-Stepanek'],['Fernando-Verdasco']
17,43,['Fernando-Verdasco'],['Nicolas-Almagro']
43,17,['Nicolas-Almagro'],['Fernando-Verdasco']
46,17,['Marcel-Granollers'],['Fernando-Verdasco']
17,22,['Fernando-Verdasco'],['Pablo-Andujar']
22,17,['Pablo-Andujar'],['Fernando-Verdasco']
17,77,['Fernando-Verdasco'],['Jurgen-Melzer']
60,17,['Robin-Haase'],['Fernando-Verdasco']
17,76,['Fernando-Verdasco'],['Xavier-Malisse']
17,76,['Fernando-Verdasco'],['Xavier-Malisse']
23,17,['Ivan-Ljubicic'],['Fernando-Verdasco']
24,17,['Robin-Soderling'],['Fernando-Verdasco']
81,17,['Yen-Hsun-Lu'],['Fernando-Verdasco']
17,63,['Fernando-Verdasco'],['Kevin-Anderson']
70,17,['Tommy-Robredo'],['Fernando-Verdasco']
64,17,['Sam-Querrey'],['Fernando-Verdasco']
17,96,['Fernando-Verdasco'],['Rajeev-Ram']
17,36,['Fernando-Verdasco'],['Ivo-Karlovic']
17,67,['Fernando-Verdasco'],['Denis-Istomin']
17,32,['Fernando-Verdasco'],['Kei-Nishikori']
18,44,['Ivan-Dodig'],['Fabio-Fognini']
47,18,['Stanislas-Wawrinka'],['Ivan-Dodig']
18,61,['Ivan-Dodig'],['Adrian-Mannarino']
54,18,['Grigor-Dimitrov'],['Ivan-Dodig']
63,18,['Kevin-Anderson'],['Ivan-Dodig']
41,18,['Nikolay-Davydenko'],['Ivan-Dodig']
18,40,['Ivan-Dodig'],['Ernests-Gulbis']
29,18,['Gael-Monfils'],['Ivan-Dodig']
29,18,['Gael-Monfils'],['Ivan-Dodig']
18,93,['Ivan-Dodig'],['Jeremy-Chardy']
48,18,['Janko-Tipsarevic'],['Ivan-Dodig']
48,18,['Janko-Tipsarevic'],['Ivan-Dodig']
73,18,['Albert-Ramos'],['Ivan-Dodig']
72,18,['Ryan-Harrison'],['Ivan-Dodig']
18,56,['Ivan-Dodig'],['Victor-Hanescu']
18,92,['Ivan-Dodig'],['Andreas-Haider-Maurer']
18,27,['Ivan-Dodig'],['Marcos-Baghdatis']
62,18,['Dmitry-Tursunov'],['Ivan-Dodig']
18,85,['Ivan-Dodig'],['Pere-Riba']
85,18,['Pere-Riba'],['Ivan-Dodig']
65,18,['Philipp-Petzschner'],['Ivan-Dodig']
18,24,['Ivan-Dodig'],['Robin-Soderling']
24,18,['Robin-Soderling'],['Ivan-Dodig']
18,25,['Ivan-Dodig'],['Feliciano-Lopez']
70,18,['Tommy-Robredo'],['Ivan-Dodig']
69,18,['Philipp-Kohlschreiber'],['Ivan-Dodig']
18,68,['Ivan-Dodig'],['Igor-Kunitsyn']
18,46,['Ivan-Dodig'],['Marcel-Granollers']
18,23,['Ivan-Dodig'],['Ivan-Ljubicic']
18,84,['Ivan-Dodig'],['Michael-Berrer']
18,36,['Ivan-Dodig'],['Ivo-Karlovic']
34,18,['Tomas-Berdych'],['Ivan-Dodig']
50,19,['Simone-Bolelli'],['Ryan-Sweeting']
27,19,['Marcos-Baghdatis'],['Ryan-Sweeting']
27,19,['Marcos-Baghdatis'],['Ryan-Sweeting']
54,19,['Grigor-Dimitrov'],['Ryan-Sweeting']
19,64,['Ryan-Sweeting'],['Sam-Querrey']
19,64,['Ryan-Sweeting'],['Sam-Querrey']
64,19,['Sam-Querrey'],['Ryan-Sweeting']
67,19,['Denis-Istomin'],['Ryan-Sweeting']
19,37,['Ryan-Sweeting'],['Olivier-Rochus']
19,82,['Ryan-Sweeting'],['Alex-Bogomolov-Jr']
19,82,['Ryan-Sweeting'],['Alex-Bogomolov-Jr']
29,19,['Gael-Monfils'],['Ryan-Sweeting']
19,35,['Ryan-Sweeting'],['Somdev-K-Devvarman']
35,19,['Somdev-K-Devvarman'],['Ryan-Sweeting']
68,19,['Igor-Kunitsyn'],['Ryan-Sweeting']
19,22,['Ryan-Sweeting'],['Pablo-Andujar']
23,19,['Ivan-Ljubicic'],['Ryan-Sweeting']
92,19,['Andreas-Haider-Maurer'],['Ryan-Sweeting']
19,97,['Ryan-Sweeting'],['Alexander-Peya']
19,78,['Ryan-Sweeting'],['Igor-Andreev']
78,19,['Igor-Andreev'],['Ryan-Sweeting']
66,19,['James-Blake'],['Ryan-Sweeting']
19,36,['Ryan-Sweeting'],['Ivo-Karlovic']
36,19,['Ivo-Karlovic'],['Ryan-Sweeting']
19,32,['Ryan-Sweeting'],['Kei-Nishikori']
32,19,['Kei-Nishikori'],['Ryan-Sweeting']
19,98,['Ryan-Sweeting'],['Juan-Sebastian-Cabal']
19,95,['Ryan-Sweeting'],['Lukas-Rosol']
76,19,['Xavier-Malisse'],['Ryan-Sweeting']
19,46,['Ryan-Sweeting'],['Marcel-Granollers']
48,19,['Janko-Tipsarevic'],['Ryan-Sweeting']
72,19,['Ryan-Harrison'],['Ryan-Sweeting']
34,20,['Tomas-Berdych'],['Radek-Stepanek']
20,35,['Radek-Stepanek'],['Somdev-K-Devvarman']
30,20,['David-Ferrer'],['Radek-Stepanek']
20,69,['Radek-Stepanek'],['Philipp-Kohlschreiber']
20,69,['Radek-Stepanek'],['Philipp-Kohlschreiber']
20,21,['Radek-Stepanek'],['John-Isner']
21,20,['John-Isner'],['Radek-Stepanek']
25,20,['Feliciano-Lopez'],['Radek-Stepanek']
20,65,['Radek-Stepanek'],['Philipp-Petzschner']
20,31,['Radek-Stepanek'],['Jarkko-Nieminen']
20,29,['Radek-Stepanek'],['Gael-Monfils']
29,20,['Gael-Monfils'],['Radek-Stepanek']
20,49,['Radek-Stepanek'],['Andreas-Seppi']
20,49,['Radek-Stepanek'],['Andreas-Seppi']
20,99,['Radek-Stepanek'],['Colin-Fleming']
32,20,['Kei-Nishikori'],['Radek-Stepanek']
20,23,['Radek-Stepanek'],['Ivan-Ljubicic']
20,95,['Radek-Stepanek'],['Lukas-Rosol']
20,89,['Radek-Stepanek'],['Dustin-Brown']
41,20,['Nikolay-Davydenko'],['Radek-Stepanek']
20,27,['Radek-Stepanek'],['Marcos-Baghdatis']
20,44,['Radek-Stepanek'],['Fabio-Fognini']
79,20,['Juan-Ignacio-Chela'],['Radek-Stepanek']
24,20,['Robin-Soderling'],['Radek-Stepanek']
21,47,['John-Isner'],['Stanislas-Wawrinka']
21,68,['John-Isner'],['Igor-Kunitsyn']
21,25,['John-Isner'],['Feliciano-Lopez']
21,30,['John-Isner'],['David-Ferrer']
23,21,['Ivan-Ljubicic'],['John-Isner']
21,27,['John-Isner'],['Marcos-Baghdatis']
21,27,['John-Isner'],['Marcos-Baghdatis']
21,27,['John-Isner'],['Marcos-Baghdatis']
21,82,['John-Isner'],['Alex-Bogomolov-Jr']
21,82,['John-Isner'],['Alex-Bogomolov-Jr']
21,82,['John-Isner'],['Alex-Bogomolov-Jr']
21,42,['John-Isner'],['Gilles-Simon']
21,31,['John-Isner'],['Jarkko-Nieminen']
21,80,['John-Isner'],['Viktor-Troicki']
80,21,['Viktor-Troicki'],['John-Isner']
21,66,['John-Isner'],['James-Blake']
21,66,['John-Isner'],['James-Blake']
29,21,['Gael-Monfils'],['John-Isner']
21,81,['John-Isner'],['Yen-Hsun-Lu']
21,39,['John-Isner'],['Karol-Beck']
21,94,['John-Isner'],['Arnaud-Clement']
21,37,['John-Isner'],['Olivier-Rochus']
43,21,['Nicolas-Almagro'],['John-Isner']
79,21,['Juan-Ignacio-Chela'],['John-Isner']
79,21,['Juan-Ignacio-Chela'],['John-Isner']
55,21,['Sergiy-Stakhovsky'],['John-Isner']
21,57,['John-Isner'],['Horacio-Zeballos']
36,21,['Ivo-Karlovic'],['John-Isner']
21,78,['John-Isner'],['Igor-Andreev']
63,21,['Kevin-Anderson'],['John-Isner']
26,21,['Marin-Cilic'],['John-Isner']
21,60,['John-Isner'],['Robin-Haase']
22,79,['Pablo-Andujar'],['Juan-Ignacio-Chela']
22,79,['Pablo-Andujar'],['Juan-Ignacio-Chela']
29,22,['Gael-Monfils'],['Pablo-Andujar']
65,22,['Philipp-Petzschner'],['Pablo-Andujar']
45,22,['Juan-Carlos-Ferrero'],['Pablo-Andujar']
45,22,['Juan-Carlos-Ferrero'],['Pablo-Andujar']
32,22,['Kei-Nishikori'],['Pablo-Andujar']
63,22,['Kevin-Anderson'],['Pablo-Andujar']
63,22,['Kevin-Anderson'],['Pablo-Andujar']
22,95,['Pablo-Andujar'],['Lukas-Rosol']
22,73,['Pablo-Andujar'],['Albert-Ramos']
22,91,['Pablo-Andujar'],['Albert-Montanes']
22,91,['Pablo-Andujar'],['Albert-Montanes']
22,87,['Pablo-Andujar'],['Lukasz-Kubot']
68,22,['Igor-Kunitsyn'],['Pablo-Andujar']
22,54,['Pablo-Andujar'],['Grigor-Dimitrov']
43,22,['Nicolas-Almagro'],['Pablo-Andujar']
43,22,['Nicolas-Almagro'],['Pablo-Andujar']
90,22,['Thomaz-Bellucci'],['Pablo-Andujar']
22,93,['Pablo-Andujar'],['Jeremy-Chardy']
22,85,['Pablo-Andujar'],['Pere-Riba']
22,74,['Pablo-Andujar'],['Potito-Starace']
74,22,['Potito-Starace'],['Pablo-Andujar']
22,38,['Pablo-Andujar'],['Bernard-Tomic']
58,22,['Pablo-Cuevas'],['Pablo-Andujar']
47,22,['Stanislas-Wawrinka'],['Pablo-Andujar']
57,22,['Horacio-Zeballos'],['Pablo-Andujar']
22,70,['Pablo-Andujar'],['Tommy-Robredo']
76,22,['Xavier-Malisse'],['Pablo-Andujar']
23,28,['Ivan-Ljubicic'],['Michael-Llodra']
77,23,['Jurgen-Melzer'],['Ivan-Ljubicic']
23,53,['Ivan-Ljubicic'],['Mikhail-Youzhny']
23,26,['Ivan-Ljubicic'],['Marin-Cilic']
26,23,['Marin-Cilic'],['Ivan-Ljubicic']
45,23,['Juan-Carlos-Ferrero'],['Ivan-Ljubicic']
23,55,['Ivan-Ljubicic'],['Sergiy-Stakhovsky']
23,55,['Ivan-Ljubicic'],['Sergiy-Stakhovsky']
23,35,['Ivan-Ljubicic'],['Somdev-K-Devvarman']
23,64,['Ivan-Ljubicic'],['Sam-Querrey']
42,23,['Gilles-Simon'],['Ivan-Ljubicic']
23,93,['Ivan-Ljubicic'],['Jeremy-Chardy']
23,34,['Ivan-Ljubicic'],['Tomas-Berdych']
62,23,['Dmitry-Tursunov'],['Ivan-Ljubicic']
23,27,['Ivan-Ljubicic'],['Marcos-Baghdatis']
43,23,['Nicolas-Almagro'],['Ivan-Ljubicic']
24,74,['Robin-Soderling'],['Potito-Starace']
24,74,['Robin-Soderling'],['Potito-Starace']
24,34,['Robin-Soderling'],['Tomas-Berdych']
24,30,['Robin-Soderling'],['David-Ferrer']
24,65,['Robin-Soderling'],['Philipp-Petzschner']
24,71,['Robin-Soderling'],['Lleyton-Hewitt']
38,24,['Bernard-Tomic'],['Robin-Soderling']
24,72,['Robin-Soderling'],['Ryan-Harrison']
24,72,['Robin-Soderling'],['Ryan-Harrison']
24,73,['Robin-Soderling'],['Albert-Ramos']
24,42,['Robin-Soderling'],['Gilles-Simon']
24,64,['Robin-Soderling'],['Sam-Querrey']
24,43,['Robin-Soderling'],['Nicolas-Almagro']
24,93,['Robin-Soderling'],['Jeremy-Chardy']
24,84,['Robin-Soderling'],['Michael-Berrer']
24,84,['Robin-Soderling'],['Michael-Berrer']
24,69,['Robin-Soderling'],['Philipp-Kohlschreiber']
69,24,['Philipp-Kohlschreiber'],['Robin-Soderling']
24,78,['Robin-Soderling'],['Igor-Andreev']
24,28,['Robin-Soderling'],['Michael-Llodra']
24,62,['Robin-Soderling'],['Dmitry-Tursunov']
24,26,['Robin-Soderling'],['Marin-Cilic']
24,60,['Robin-Soderling'],['Robin-Haase']
24,53,['Robin-Soderling'],['Mikhail-Youzhny']
24,80,['Robin-Soderling'],['Viktor-Troicki']
33,24,['Alexandr-Dolgopolov'],['Robin-Soderling']
25,28,['Feliciano-Lopez'],['Michael-Llodra']
25,28,['Feliciano-Lopez'],['Michael-Llodra']
25,29,['Feliciano-Lopez'],['Gael-Monfils']
25,82,['Feliciano-Lopez'],['Alex-Bogomolov-Jr']
82,25,['Alex-Bogomolov-Jr'],['Feliciano-Lopez']
94,25,['Arnaud-Clement'],['Feliciano-Lopez']
25,48,['Feliciano-Lopez'],['Janko-Tipsarevic']
25,48,['Feliciano-Lopez'],['Janko-Tipsarevic']
25,34,['Feliciano-Lopez'],['Tomas-Berdych']
30,25,['David-Ferrer'],['Feliciano-Lopez']
30,25,['David-Ferrer'],['Feliciano-Lopez']
53,25,['Mikhail-Youzhny'],['Feliciano-Lopez']
25,45,['Feliciano-Lopez'],['Juan-Carlos-Ferrero']
25,69,['Feliciano-Lopez'],['Philipp-Kohlschreiber']
69,25,['Philipp-Kohlschreiber'],['Feliciano-Lopez']
60,25,['Robin-Haase'],['Feliciano-Lopez']
43,25,['Nicolas-Almagro'],['Feliciano-Lopez']
25,57,['Feliciano-Lopez'],['Horacio-Zeballos']
25,84,['Feliciano-Lopez'],['Michael-Berrer']
25,87,['Feliciano-Lopez'],['Lukasz-Kubot']
25,62,['Feliciano-Lopez'],['Dmitry-Tursunov']
25,83,['Feliciano-Lopez'],['Fernando-Gonzalez']
25,91,['Feliciano-Lopez'],['Albert-Montanes']
25,52,['Feliciano-Lopez'],['Mikhail-Kukushkin']
25,32,['Feliciano-Lopez'],['Kei-Nishikori']
25,79,['Feliciano-Lopez'],['Juan-Ignacio-Chela']
25,81,['Feliciano-Lopez'],['Yen-Hsun-Lu']
27,25,['Marcos-Baghdatis'],['Feliciano-Lopez']
38,25,['Bernard-Tomic'],['Feliciano-Lopez']
25,65,['Feliciano-Lopez'],['Philipp-Petzschner']
63,25,['Kevin-Anderson'],['Feliciano-Lopez']
46,26,['Marcel-Granollers'],['Marin-Cilic']
26,35,['Marin-Cilic'],['Somdev-K-Devvarman']
26,49,['Marin-Cilic'],['Andreas-Seppi']
26,49,['Marin-Cilic'],['Andreas-Seppi']
26,49,['Marin-Cilic'],['Andreas-Seppi']
26,53,['Marin-Cilic'],['Mikhail-Youzhny']
26,53,['Marin-Cilic'],['Mikhail-Youzhny']
53,26,['Mikhail-Youzhny'],['Marin-Cilic']
26,48,['Marin-Cilic'],['Janko-Tipsarevic']
48,26,['Janko-Tipsarevic'],['Marin-Cilic']
73,26,['Albert-Ramos'],['Marin-Cilic']
26,44,['Marin-Cilic'],['Fabio-Fognini']
26,44,['Marin-Cilic'],['Fabio-Fognini']
26,63,['Marin-Cilic'],['Kevin-Anderson']
26,34,['Marin-Cilic'],['Tomas-Berdych']
34,26,['Tomas-Berdych'],['Marin-Cilic']
26,72,['Marin-Cilic'],['Ryan-Harrison']
26,38,['Marin-Cilic'],['Bernard-Tomic']
26,60,['Marin-Cilic'],['Robin-Haase']
33,26,['Alexandr-Dolgopolov'],['Marin-Cilic']
26,94,['Marin-Cilic'],['Arnaud-Clement']
26,90,['Marin-Cilic'],['Thomaz-Bellucci']
86,26,['Ruben-Ramirez-Hidalgo'],['Marin-Cilic']
26,36,['Marin-Cilic'],['Ivo-Karlovic']
26,51,['Marin-Cilic'],['Carlos-Berlocq']
26,74,['Marin-Cilic'],['Potito-Starace']
26,50,['Marin-Cilic'],['Simone-Bolelli']
26,57,['Marin-Cilic'],['Horacio-Zeballos']
41,26,['Nikolay-Davydenko'],['Marin-Cilic']
26,85,['Marin-Cilic'],['Pere-Riba']
47,26,['Stanislas-Wawrinka'],['Marin-Cilic']
26,69,['Marin-Cilic'],['Philipp-Kohlschreiber']
26,65,['Marin-Cilic'],['Philipp-Petzschner']
26,77,['Marin-Cilic'],['Jurgen-Melzer']
80,26,['Viktor-Troicki'],['Marin-Cilic']
26,68,['Marin-Cilic'],['Igor-Kunitsyn']
32,26,['Kei-Nishikori'],['Marin-Cilic']
27,80,['Marcos-Baghdatis'],['Viktor-Troicki']
27,80,['Marcos-Baghdatis'],['Viktor-Troicki']
63,27,['Kevin-Anderson'],['Marcos-Baghdatis']
27,82,['Marcos-Baghdatis'],['Alex-Bogomolov-Jr']
27,35,['Marcos-Baghdatis'],['Somdev-K-Devvarman']
27,35,['Marcos-Baghdatis'],['Somdev-K-Devvarman']
35,27,['Somdev-K-Devvarman'],['Marcos-Baghdatis']
27,77,['Marcos-Baghdatis'],['Jurgen-Melzer']
77,27,['Jurgen-Melzer'],['Marcos-Baghdatis']
48,27,['Janko-Tipsarevic'],['Marcos-Baghdatis']
33,27,['Alexandr-Dolgopolov'],['Marcos-Baghdatis']
27,66,['Marcos-Baghdatis'],['James-Blake']
66,27,['James-Blake'],['Marcos-Baghdatis']
27,90,['Marcos-Baghdatis'],['Thomaz-Bellucci']
81,27,['Yen-Hsun-Lu'],['Marcos-Baghdatis']
27,49,['Marcos-Baghdatis'],['Andreas-Seppi']
27,94,['Marcos-Baghdatis'],['Arnaud-Clement']
27,60,['Marcos-Baghdatis'],['Robin-Haase']
54,27,['Grigor-Dimitrov'],['Marcos-Baghdatis']
37,27,['Olivier-Rochus'],['Marcos-Baghdatis']
27,87,['Marcos-Baghdatis'],['Lukasz-Kubot']
28,94,['Michael-Llodra'],['Arnaud-Clement']
94,28,['Arnaud-Clement'],['Michael-Llodra']
28,56,['Michael-Llodra'],['Victor-Hanescu']
63,28,['Kevin-Anderson'],['Michael-Llodra']
28,53,['Michael-Llodra'],['Mikhail-Youzhny']
28,53,['Michael-Llodra'],['Mikhail-Youzhny']
40,28,['Ernests-Gulbis'],['Michael-Llodra']
54,28,['Grigor-Dimitrov'],['Michael-Llodra']
65,28,['Philipp-Petzschner'],['Michael-Llodra']
28,81,['Michael-Llodra'],['Yen-Hsun-Lu']
28,64,['Michael-Llodra'],['Sam-Querrey']
28,76,['Michael-Llodra'],['Xavier-Malisse']
46,28,['Marcel-Granollers'],['Michael-Llodra']
80,28,['Viktor-Troicki'],['Michael-Llodra']
28,41,['Michael-Llodra'],['Nikolay-Davydenko']
28,79,['Michael-Llodra'],['Juan-Ignacio-Chela']
29,91,['Gael-Monfils'],['Albert-Montanes']
46,29,['Marcel-Granollers'],['Gael-Monfils']
29,38,['Gael-Monfils'],['Bernard-Tomic']
29,63,['Gael-Monfils'],['Kevin-Anderson']
29,31,['Gael-Monfils'],['Jarkko-Nieminen']
29,31,['Gael-Monfils'],['Jarkko-Nieminen']
44,29,['Fabio-Fognini'],['Gael-Monfils']
29,54,['Gael-Monfils'],['Grigor-Dimitrov']
45,29,['Juan-Carlos-Ferrero'],['Gael-Monfils']
29,69,['Gael-Monfils'],['Philipp-Kohlschreiber']
29,69,['Gael-Monfils'],['Philipp-Kohlschreiber']
69,29,['Philipp-Kohlschreiber'],['Gael-Monfils']
29,82,['Gael-Monfils'],['Alex-Bogomolov-Jr']
29,80,['Gael-Monfils'],['Viktor-Troicki']
29,62,['Gael-Monfils'],['Dmitry-Tursunov']
29,48,['Gael-Monfils'],['Janko-Tipsarevic']
29,73,['Gael-Monfils'],['Albert-Ramos']
42,29,['Gilles-Simon'],['Gael-Monfils']
56,29,['Victor-Hanescu'],['Gael-Monfils']
87,29,['Lukasz-Kubot'],['Gael-Monfils']
29,30,['Gael-Monfils'],['David-Ferrer']
29,36,['Gael-Monfils'],['Ivo-Karlovic']
29,60,['Gael-Monfils'],['Robin-Haase']
29,88,['Gael-Monfils'],['Robert-Kendrick']
47,29,['Stanislas-Wawrinka'],['Gael-Monfils']
34,30,['Tomas-Berdych'],['David-Ferrer']
30,33,['David-Ferrer'],['Alexandr-Dolgopolov']
30,33,['David-Ferrer'],['Alexandr-Dolgopolov']
33,30,['Alexandr-Dolgopolov'],['David-Ferrer']
30,41,['David-Ferrer'],['Nikolay-Davydenko']
30,45,['David-Ferrer'],['Juan-Carlos-Ferrero']
30,32,['David-Ferrer'],['Kei-Nishikori']
30,42,['David-Ferrer'],['Gilles-Simon']
42,30,['Gilles-Simon'],['David-Ferrer']
30,78,['David-Ferrer'],['Igor-Andreev']
30,66,['David-Ferrer'],['James-Blake']
30,54,['David-Ferrer'],['Grigor-Dimitrov']
30,85,['David-Ferrer'],['Pere-Riba']
30,92,['David-Ferrer'],['Andreas-Haider-Maurer']
30,43,['David-Ferrer'],['Nicolas-Almagro']
30,43,['David-Ferrer'],['Nicolas-Almagro']
30,43,['David-Ferrer'],['Nicolas-Almagro']
30,72,['David-Ferrer'],['Ryan-Harrison']
30,39,['David-Ferrer'],['Karol-Beck']
30,31,['David-Ferrer'],['Jarkko-Nieminen']
30,31,['David-Ferrer'],['Jarkko-Nieminen']
31,30,['Jarkko-Nieminen'],['David-Ferrer']
30,55,['David-Ferrer'],['Sergiy-Stakhovsky']
30,55,['David-Ferrer'],['Sergiy-Stakhovsky']
30,49,['David-Ferrer'],['Andreas-Seppi']
30,61,['David-Ferrer'],['Adrian-Mannarino']
30,51,['David-Ferrer'],['Carlos-Berlocq']
30,56,['David-Ferrer'],['Victor-Hanescu']
30,77,['David-Ferrer'],['Jurgen-Melzer']
30,77,['David-Ferrer'],['Jurgen-Melzer']
30,80,['David-Ferrer'],['Viktor-Troicki']
30,68,['David-Ferrer'],['Igor-Kunitsyn']
30,35,['David-Ferrer'],['Somdev-K-Devvarman']
30,46,['David-Ferrer'],['Marcel-Granollers']
36,30,['Ivo-Karlovic'],['David-Ferrer']
30,100,['David-Ferrer'],['Santiago-Gonzalez']
30,69,['David-Ferrer'],['Philipp-Kohlschreiber']
31,90,['Jarkko-Nieminen'],['Thomaz-Bellucci']
31,60,['Jarkko-Nieminen'],['Robin-Haase']
31,60,['Jarkko-Nieminen'],['Robin-Haase']
31,47,['Jarkko-Nieminen'],['Stanislas-Wawrinka']
31,66,['Jarkko-Nieminen'],['James-Blake']
82,31,['Alex-Bogomolov-Jr'],['Jarkko-Nieminen']
31,67,['Jarkko-Nieminen'],['Denis-Istomin']
31,67,['Jarkko-Nieminen'],['Denis-Istomin']
31,68,['Jarkko-Nieminen'],['Igor-Kunitsyn']
31,56,['Jarkko-Nieminen'],['Victor-Hanescu']
43,31,['Nicolas-Almagro'],['Jarkko-Nieminen']
43,31,['Nicolas-Almagro'],['Jarkko-Nieminen']
31,33,['Jarkko-Nieminen'],['Alexandr-Dolgopolov']
42,31,['Gilles-Simon'],['Jarkko-Nieminen']
81,31,['Yen-Hsun-Lu'],['Jarkko-Nieminen']
78,31,['Igor-Andreev'],['Jarkko-Nieminen']
31,61,['Jarkko-Nieminen'],['Adrian-Mannarino']
31,55,['Jarkko-Nieminen'],['Sergiy-Stakhovsky']
34,31,['Tomas-Berdych'],['Jarkko-Nieminen']
31,101,['Jarkko-Nieminen'],['Marc-Lopez']
51,31,['Carlos-Berlocq'],['Jarkko-Nieminen']
52,31,['Mikhail-Kukushkin'],['Jarkko-Nieminen']
91,31,['Albert-Montanes'],['Jarkko-Nieminen']
80,31,['Viktor-Troicki'],['Jarkko-Nieminen']
41,31,['Nikolay-Davydenko'],['Jarkko-Nieminen']
55,32,['Sergiy-Stakhovsky'],['Kei-Nishikori']
55,32,['Sergiy-Stakhovsky'],['Kei-Nishikori']
32,34,['Kei-Nishikori'],['Tomas-Berdych']
32,49,['Kei-Nishikori'],['Andreas-Seppi']
32,52,['Kei-Nishikori'],['Mikhail-Kukushkin']
32,52,['Kei-Nishikori'],['Mikhail-Kukushkin']
32,60,['Kei-Nishikori'],['Robin-Haase']
32,33,['Kei-Nishikori'],['Alexandr-Dolgopolov']
32,65,['Kei-Nishikori'],['Philipp-Petzschner']
32,43,['Kei-Nishikori'],['Nicolas-Almagro']
48,32,['Janko-Tipsarevic'],['Kei-Nishikori']
48,32,['Janko-Tipsarevic'],['Kei-Nishikori']
48,32,['Janko-Tipsarevic'],['Kei-Nishikori']
48,32,['Janko-Tipsarevic'],['Kei-Nishikori']
48,32,['Janko-Tipsarevic'],['Kei-Nishikori']
32,102,['Kei-Nishikori'],['Rohan-Bopanna']
32,67,['Kei-Nishikori'],['Denis-Istomin']
71,32,['Lleyton-Hewitt'],['Kei-Nishikori']
64,32,['Sam-Querrey'],['Kei-Nishikori']
32,81,['Kei-Nishikori'],['Yen-Hsun-Lu']
32,85,['Kei-Nishikori'],['Pere-Riba']
85,32,['Pere-Riba'],['Kei-Nishikori']
32,75,['Kei-Nishikori'],['Rui-Machado']
32,78,['Kei-Nishikori'],['Igor-Andreev']
78,32,['Igor-Andreev'],['Kei-Nishikori']
32,58,['Kei-Nishikori'],['Pablo-Cuevas']
32,93,['Kei-Nishikori'],['Jeremy-Chardy']
32,66,['Kei-Nishikori'],['James-Blake']
32,82,['Kei-Nishikori'],['Alex-Bogomolov-Jr']
32,44,['Kei-Nishikori'],['Fabio-Fognini']
33,69,['Alexandr-Dolgopolov'],['Philipp-Kohlschreiber']
69,33,['Philipp-Kohlschreiber'],['Alexandr-Dolgopolov']
46,33,['Marcel-Granollers'],['Alexandr-Dolgopolov']
93,33,['Jeremy-Chardy'],['Alexandr-Dolgopolov']
33,87,['Alexandr-Dolgopolov'],['Lukasz-Kubot']
33,73,['Alexandr-Dolgopolov'],['Albert-Ramos']
33,73,['Alexandr-Dolgopolov'],['Albert-Ramos']
33,38,['Alexandr-Dolgopolov'],['Bernard-Tomic']
33,38,['Alexandr-Dolgopolov'],['Bernard-Tomic']
33,76,['Alexandr-Dolgopolov'],['Xavier-Malisse']
33,36,['Alexandr-Dolgopolov'],['Ivo-Karlovic']
33,51,['Alexandr-Dolgopolov'],['Carlos-Berlocq']
33,51,['Alexandr-Dolgopolov'],['Carlos-Berlocq']
51,33,['Carlos-Berlocq'],['Alexandr-Dolgopolov']
33,54,['Alexandr-Dolgopolov'],['Grigor-Dimitrov']
33,60,['Alexandr-Dolgopolov'],['Robin-Haase']
60,33,['Robin-Haase'],['Alexandr-Dolgopolov']
34,33,['Tomas-Berdych'],['Alexandr-Dolgopolov']
33,45,['Alexandr-Dolgopolov'],['Juan-Carlos-Ferrero']
83,33,['Fernando-Gonzalez'],['Alexandr-Dolgopolov']
33,92,['Alexandr-Dolgopolov'],['Andreas-Haider-Maurer']
80,33,['Viktor-Troicki'],['Alexandr-Dolgopolov']
33,85,['Alexandr-Dolgopolov'],['Pere-Riba']
33,56,['Alexandr-Dolgopolov'],['Victor-Hanescu']
56,33,['Victor-Hanescu'],['Alexandr-Dolgopolov']
33,74,['Alexandr-Dolgopolov'],['Potito-Starace']
74,33,['Potito-Starace'],['Alexandr-Dolgopolov']
41,33,['Nikolay-Davydenko'],['Alexandr-Dolgopolov']
40,33,['Ernests-Gulbis'],['Alexandr-Dolgopolov']
33,49,['Alexandr-Dolgopolov'],['Andreas-Seppi']
33,47,['Alexandr-Dolgopolov'],['Stanislas-Wawrinka']
33,86,['Alexandr-Dolgopolov'],['Ruben-Ramirez-Hidalgo']
43,33,['Nicolas-Almagro'],['Alexandr-Dolgopolov']
33,52,['Alexandr-Dolgopolov'],['Mikhail-Kukushkin']
33,64,['Alexandr-Dolgopolov'],['Sam-Querrey']
42,33,['Gilles-Simon'],['Alexandr-Dolgopolov']
33,78,['Alexandr-Dolgopolov'],['Igor-Andreev']
34,48,['Tomas-Berdych'],['Janko-Tipsarevic']
34,48,['Tomas-Berdych'],['Janko-Tipsarevic']
48,34,['Janko-Tipsarevic'],['Tomas-Berdych']
48,34,['Janko-Tipsarevic'],['Tomas-Berdych']
34,77,['Tomas-Berdych'],['Jurgen-Melzer']
34,69,['Tomas-Berdych'],['Philipp-Kohlschreiber']
34,69,['Tomas-Berdych'],['Philipp-Kohlschreiber']
34,44,['Tomas-Berdych'],['Fabio-Fognini']
34,43,['Tomas-Berdych'],['Nicolas-Almagro']
43,34,['Nicolas-Almagro'],['Tomas-Berdych']
34,36,['Tomas-Berdych'],['Ivo-Karlovic']
34,82,['Tomas-Berdych'],['Alex-Bogomolov-Jr']
34,80,['Tomas-Berdych'],['Viktor-Troicki']
34,65,['Tomas-Berdych'],['Philipp-Petzschner']
65,34,['Philipp-Petzschner'],['Tomas-Berdych']
34,61,['Tomas-Berdych'],['Adrian-Mannarino']
34,40,['Tomas-Berdych'],['Ernests-Gulbis']
34,46,['Tomas-Berdych'],['Marcel-Granollers']
34,90,['Tomas-Berdych'],['Thomaz-Bellucci']
90,34,['Thomaz-Bellucci'],['Tomas-Berdych']
34,37,['Tomas-Berdych'],['Olivier-Rochus']
34,86,['Tomas-Berdych'],['Ruben-Ramirez-Hidalgo']
34,51,['Tomas-Berdych'],['Carlos-Berlocq']
34,87,['Tomas-Berdych'],['Lukasz-Kubot']
47,34,['Stanislas-Wawrinka'],['Tomas-Berdych']
47,34,['Stanislas-Wawrinka'],['Tomas-Berdych']
34,52,['Tomas-Berdych'],['Mikhail-Kukushkin']
34,93,['Tomas-Berdych'],['Jeremy-Chardy']
34,41,['Tomas-Berdych'],['Nikolay-Davydenko']
34,62,['Tomas-Berdych'],['Dmitry-Tursunov']
35,39,['Somdev-K-Devvarman'],['Karol-Beck']
53,35,['Mikhail-Youzhny'],['Somdev-K-Devvarman']
35,61,['Somdev-K-Devvarman'],['Adrian-Mannarino']
61,35,['Adrian-Mannarino'],['Somdev-K-Devvarman']
35,52,['Somdev-K-Devvarman'],['Mikhail-Kukushkin']
35,48,['Somdev-K-Devvarman'],['Janko-Tipsarevic']
48,35,['Janko-Tipsarevic'],['Somdev-K-Devvarman']
35,88,['Somdev-K-Devvarman'],['Robert-Kendrick']
35,74,['Somdev-K-Devvarman'],['Potito-Starace']
35,76,['Somdev-K-Devvarman'],['Xavier-Malisse']
80,35,['Viktor-Troicki'],['Somdev-K-Devvarman']
63,35,['Kevin-Anderson'],['Somdev-K-Devvarman']
70,35,['Tommy-Robredo'],['Somdev-K-Devvarman']
36,64,['Ivo-Karlovic'],['Sam-Querrey']
36,64,['Ivo-Karlovic'],['Sam-Querrey']
36,66,['Ivo-Karlovic'],['James-Blake']
36,83,['Ivo-Karlovic'],['Fernando-Gonzalez']
43,36,['Nicolas-Almagro'],['Ivo-Karlovic']
36,65,['Ivo-Karlovic'],['Philipp-Petzschner']
65,36,['Philipp-Petzschner'],['Ivo-Karlovic']
36,48,['Ivo-Karlovic'],['Janko-Tipsarevic']
48,36,['Janko-Tipsarevic'],['Ivo-Karlovic']
87,36,['Lukasz-Kubot'],['Ivo-Karlovic']
63,36,['Kevin-Anderson'],['Ivo-Karlovic']
36,68,['Ivo-Karlovic'],['Igor-Kunitsyn']
36,42,['Ivo-Karlovic'],['Gilles-Simon']
36,91,['Ivo-Karlovic'],['Albert-Montanes']
36,95,['Ivo-Karlovic'],['Lukas-Rosol']
36,69,['Ivo-Karlovic'],['Philipp-Kohlschreiber']
41,36,['Nikolay-Davydenko'],['Ivo-Karlovic']
48,37,['Janko-Tipsarevic'],['Olivier-Rochus']
66,37,['James-Blake'],['Olivier-Rochus']
77,37,['Jurgen-Melzer'],['Olivier-Rochus']
78,37,['Igor-Andreev'],['Olivier-Rochus']
37,55,['Olivier-Rochus'],['Sergiy-Stakhovsky']
44,37,['Fabio-Fognini'],['Olivier-Rochus']
37,71,['Olivier-Rochus'],['Lleyton-Hewitt']
37,51,['Olivier-Rochus'],['Carlos-Berlocq']
49,37,['Andreas-Seppi'],['Olivier-Rochus']
67,37,['Denis-Istomin'],['Olivier-Rochus']
75,37,['Rui-Machado'],['Olivier-Rochus']
63,37,['Kevin-Anderson'],['Olivier-Rochus']
37,79,['Olivier-Rochus'],['Juan-Ignacio-Chela']
37,53,['Olivier-Rochus'],['Mikhail-Youzhny']
37,86,['Olivier-Rochus'],['Ruben-Ramirez-Hidalgo']
37,95,['Olivier-Rochus'],['Lukas-Rosol']
38,63,['Bernard-Tomic'],['Kevin-Anderson']
38,80,['Bernard-Tomic'],['Viktor-Troicki']
80,38,['Viktor-Troicki'],['Bernard-Tomic']
38,47,['Bernard-Tomic'],['Stanislas-Wawrinka']
38,78,['Bernard-Tomic'],['Igor-Andreev']
78,38,['Igor-Andreev'],['Bernard-Tomic']
38,81,['Bernard-Tomic'],['Yen-Hsun-Lu']
38,41,['Bernard-Tomic'],['Nikolay-Davydenko']
38,76,['Bernard-Tomic'],['Xavier-Malisse']
51,38,['Carlos-Berlocq'],['Bernard-Tomic']
38,75,['Bernard-Tomic'],['Rui-Machado']
38,102,['Bernard-Tomic'],['Rohan-Bopanna']
82,38,['Alex-Bogomolov-Jr'],['Bernard-Tomic']
38,93,['Bernard-Tomic'],['Jeremy-Chardy']
38,68,['Bernard-Tomic'],['Igor-Kunitsyn']
38,84,['Bernard-Tomic'],['Michael-Berrer']
38,87,['Bernard-Tomic'],['Lukasz-Kubot']
96,39,['Rajeev-Ram'],['Karol-Beck']
39,51,['Karol-Beck'],['Carlos-Berlocq']
93,39,['Jeremy-Chardy'],['Karol-Beck']
39,54,['Karol-Beck'],['Grigor-Dimitrov']
95,39,['Lukas-Rosol'],['Karol-Beck']
63,39,['Kevin-Anderson'],['Karol-Beck']
78,39,['Igor-Andreev'],['Karol-Beck']
64,40,['Sam-Querrey'],['Ernests-Gulbis']
95,40,['Lukas-Rosol'],['Ernests-Gulbis']
40,87,['Ernests-Gulbis'],['Lukasz-Kubot']
50,40,['Simone-Bolelli'],['Ernests-Gulbis']
40,53,['Ernests-Gulbis'],['Mikhail-Youzhny']
40,78,['Ernests-Gulbis'],['Igor-Andreev']
40,78,['Ernests-Gulbis'],['Igor-Andreev']
40,45,['Ernests-Gulbis'],['Juan-Carlos-Ferrero']
40,76,['Ernests-Gulbis'],['Xavier-Malisse']
40,82,['Ernests-Gulbis'],['Alex-Bogomolov-Jr']
66,40,['James-Blake'],['Ernests-Gulbis']
62,40,['Dmitry-Tursunov'],['Ernests-Gulbis']
61,40,['Adrian-Mannarino'],['Ernests-Gulbis']
40,44,['Ernests-Gulbis'],['Fabio-Fognini']
40,67,['Ernests-Gulbis'],['Denis-Istomin']
51,40,['Carlos-Berlocq'],['Ernests-Gulbis']
40,81,['Ernests-Gulbis'],['Yen-Hsun-Lu']
40,84,['Ernests-Gulbis'],['Michael-Berrer']
40,55,['Ernests-Gulbis'],['Sergiy-Stakhovsky']
55,40,['Sergiy-Stakhovsky'],['Ernests-Gulbis']
65,40,['Philipp-Petzschner'],['Ernests-Gulbis']
42,40,['Gilles-Simon'],['Ernests-Gulbis']
40,56,['Ernests-Gulbis'],['Victor-Hanescu']
49,41,['Andreas-Seppi'],['Nikolay-Davydenko']
41,42,['Nikolay-Davydenko'],['Gilles-Simon']
42,41,['Gilles-Simon'],['Nikolay-Davydenko']
41,84,['Nikolay-Davydenko'],['Michael-Berrer']
48,41,['Janko-Tipsarevic'],['Nikolay-Davydenko']
48,41,['Janko-Tipsarevic'],['Nikolay-Davydenko']
91,41,['Albert-Montanes'],['Nikolay-Davydenko']
41,72,['Nikolay-Davydenko'],['Ryan-Harrison']
41,87,['Nikolay-Davydenko'],['Lukasz-Kubot']
41,74,['Nikolay-Davydenko'],['Potito-Starace']
41,55,['Nikolay-Davydenko'],['Sergiy-Stakhovsky']
55,41,['Sergiy-Stakhovsky'],['Nikolay-Davydenko']
80,41,['Viktor-Troicki'],['Nikolay-Davydenko']
46,41,['Marcel-Granollers'],['Nikolay-Davydenko']
43,41,['Nicolas-Almagro'],['Nikolay-Davydenko']
60,41,['Robin-Haase'],['Nikolay-Davydenko']
63,41,['Kevin-Anderson'],['Nikolay-Davydenko']
41,44,['Nikolay-Davydenko'],['Fabio-Fognini']
41,44,['Nikolay-Davydenko'],['Fabio-Fognini']
47,41,['Stanislas-Wawrinka'],['Nikolay-Davydenko']
61,42,['Adrian-Mannarino'],['Gilles-Simon']
61,42,['Adrian-Mannarino'],['Gilles-Simon']
42,91,['Gilles-Simon'],['Albert-Montanes']
42,91,['Gilles-Simon'],['Albert-Montanes']
91,42,['Albert-Montanes'],['Gilles-Simon']
46,42,['Marcel-Granollers'],['Gilles-Simon']
42,81,['Gilles-Simon'],['Yen-Hsun-Lu']
42,81,['Gilles-Simon'],['Yen-Hsun-Lu']
42,81,['Gilles-Simon'],['Yen-Hsun-Lu']
42,77,['Gilles-Simon'],['Jurgen-Melzer']
77,42,['Jurgen-Melzer'],['Gilles-Simon']
42,48,['Gilles-Simon'],['Janko-Tipsarevic']
42,48,['Gilles-Simon'],['Janko-Tipsarevic']
65,42,['Philipp-Petzschner'],['Gilles-Simon']
42,55,['Gilles-Simon'],['Sergiy-Stakhovsky']
42,53,['Gilles-Simon'],['Mikhail-Youzhny']
42,53,['Gilles-Simon'],['Mikhail-Youzhny']
53,42,['Mikhail-Youzhny'],['Gilles-Simon']
42,43,['Gilles-Simon'],['Nicolas-Almagro']
42,93,['Gilles-Simon'],['Jeremy-Chardy']
79,42,['Juan-Ignacio-Chela'],['Gilles-Simon']
42,51,['Gilles-Simon'],['Carlos-Berlocq']
42,90,['Gilles-Simon'],['Thomaz-Bellucci']
74,42,['Potito-Starace'],['Gilles-Simon']
42,58,['Gilles-Simon'],['Pablo-Cuevas']
42,95,['Gilles-Simon'],['Lukas-Rosol']
42,80,['Gilles-Simon'],['Viktor-Troicki']
49,43,['Andreas-Seppi'],['Nicolas-Almagro']
43,70,['Nicolas-Almagro'],['Tommy-Robredo']
43,70,['Nicolas-Almagro'],['Tommy-Robredo']
53,43,['Mikhail-Youzhny'],['Nicolas-Almagro']
53,43,['Mikhail-Youzhny'],['Nicolas-Almagro']
43,73,['Nicolas-Almagro'],['Albert-Ramos']
43,91,['Nicolas-Almagro'],['Albert-Montanes']
91,43,['Albert-Montanes'],['Nicolas-Almagro']
43,55,['Nicolas-Almagro'],['Sergiy-Stakhovsky']
43,95,['Nicolas-Almagro'],['Lukas-Rosol']
43,69,['Nicolas-Almagro'],['Philipp-Kohlschreiber']
84,43,['Michael-Berrer'],['Nicolas-Almagro']
87,43,['Lukasz-Kubot'],['Nicolas-Almagro']
43,51,['Nicolas-Almagro'],['Carlos-Berlocq']
43,56,['Nicolas-Almagro'],['Victor-Hanescu']
43,56,['Nicolas-Almagro'],['Victor-Hanescu']
43,56,['Nicolas-Almagro'],['Victor-Hanescu']
43,50,['Nicolas-Almagro'],['Simone-Bolelli']
43,64,['Nicolas-Almagro'],['Sam-Querrey']
43,45,['Nicolas-Almagro'],['Juan-Carlos-Ferrero']
43,46,['Nicolas-Almagro'],['Marcel-Granollers']
77,43,['Jurgen-Melzer'],['Nicolas-Almagro']
43,90,['Nicolas-Almagro'],['Thomaz-Bellucci']
43,79,['Nicolas-Almagro'],['Juan-Ignacio-Chela']
43,79,['Nicolas-Almagro'],['Juan-Ignacio-Chela']
43,75,['Nicolas-Almagro'],['Rui-Machado']
43,78,['Nicolas-Almagro'],['Igor-Andreev']
43,61,['Nicolas-Almagro'],['Adrian-Mannarino']
44,70,['Fabio-Fognini'],['Tommy-Robredo']
70,44,['Tommy-Robredo'],['Fabio-Fognini']
70,44,['Tommy-Robredo'],['Fabio-Fognini']
76,44,['Xavier-Malisse'],['Fabio-Fognini']
44,83,['Fabio-Fognini'],['Fernando-Gonzalez']
44,57,['Fabio-Fognini'],['Horacio-Zeballos']
44,80,['Fabio-Fognini'],['Viktor-Troicki']
80,44,['Viktor-Troicki'],['Fabio-Fognini']
66,44,['James-Blake'],['Fabio-Fognini']
44,75,['Fabio-Fognini'],['Rui-Machado']
44,74,['Fabio-Fognini'],['Potito-Starace']
77,44,['Jurgen-Melzer'],['Fabio-Fognini']
44,67,['Fabio-Fognini'],['Denis-Istomin']
44,91,['Fabio-Fognini'],['Albert-Montanes']
91,44,['Albert-Montanes'],['Fabio-Fognini']
91,44,['Albert-Montanes'],['Fabio-Fognini']
47,44,['Stanislas-Wawrinka'],['Fabio-Fognini']
47,44,['Stanislas-Wawrinka'],['Fabio-Fognini']
44,63,['Fabio-Fognini'],['Kevin-Anderson']
92,44,['Andreas-Haider-Maurer'],['Fabio-Fognini']
44,87,['Fabio-Fognini'],['Lukasz-Kubot']
44,73,['Fabio-Fognini'],['Albert-Ramos']
44,90,['Fabio-Fognini'],['Thomaz-Bellucci']
45,68,['Juan-Carlos-Ferrero'],['Igor-Kunitsyn']
45,82,['Juan-Carlos-Ferrero'],['Alex-Bogomolov-Jr']
45,53,['Juan-Carlos-Ferrero'],['Mikhail-Youzhny']
45,53,['Juan-Carlos-Ferrero'],['Mikhail-Youzhny']
45,90,['Juan-Carlos-Ferrero'],['Thomaz-Bellucci']
45,46,['Juan-Carlos-Ferrero'],['Marcel-Granollers']
45,46,['Juan-Carlos-Ferrero'],['Marcel-Granollers']
45,46,['Juan-Carlos-Ferrero'],['Marcel-Granollers']
48,45,['Janko-Tipsarevic'],['Juan-Carlos-Ferrero']
45,51,['Juan-Carlos-Ferrero'],['Carlos-Berlocq']
45,76,['Juan-Carlos-Ferrero'],['Xavier-Malisse']
93,46,['Jeremy-Chardy'],['Marcel-Granollers']
46,78,['Marcel-Granollers'],['Igor-Andreev']
78,46,['Igor-Andreev'],['Marcel-Granollers']
46,82,['Marcel-Granollers'],['Alex-Bogomolov-Jr']
82,46,['Alex-Bogomolov-Jr'],['Marcel-Granollers']
46,76,['Marcel-Granollers'],['Xavier-Malisse']
46,52,['Marcel-Granollers'],['Mikhail-Kukushkin']
79,46,['Juan-Ignacio-Chela'],['Marcel-Granollers']
46,47,['Marcel-Granollers'],['Stanislas-Wawrinka']
46,47,['Marcel-Granollers'],['Stanislas-Wawrinka']
46,53,['Marcel-Granollers'],['Mikhail-Youzhny']
53,46,['Mikhail-Youzhny'],['Marcel-Granollers']
53,46,['Mikhail-Youzhny'],['Marcel-Granollers']
46,49,['Marcel-Granollers'],['Andreas-Seppi']
46,80,['Marcel-Granollers'],['Viktor-Troicki']
80,46,['Viktor-Troicki'],['Marcel-Granollers']
73,46,['Albert-Ramos'],['Marcel-Granollers']
77,46,['Jurgen-Melzer'],['Marcel-Granollers']
46,62,['Marcel-Granollers'],['Dmitry-Tursunov']
69,46,['Philipp-Kohlschreiber'],['Marcel-Granollers']
47,60,['Stanislas-Wawrinka'],['Robin-Haase']
47,60,['Stanislas-Wawrinka'],['Robin-Haase']
47,71,['Stanislas-Wawrinka'],['Lleyton-Hewitt']
47,63,['Stanislas-Wawrinka'],['Kevin-Anderson']
47,74,['Stanislas-Wawrinka'],['Potito-Starace']
50,47,['Simone-Bolelli'],['Stanislas-Wawrinka']
89,47,['Dustin-Brown'],['Stanislas-Wawrinka']
47,51,['Stanislas-Wawrinka'],['Carlos-Berlocq']
47,56,['Stanislas-Wawrinka'],['Victor-Hanescu']
79,47,['Juan-Ignacio-Chela'],['Stanislas-Wawrinka']
47,54,['Stanislas-Wawrinka'],['Grigor-Dimitrov']
47,102,['Stanislas-Wawrinka'],['Rohan-Bopanna']
47,76,['Stanislas-Wawrinka'],['Xavier-Malisse']
48,82,['Janko-Tipsarevic'],['Alex-Bogomolov-Jr']
48,82,['Janko-Tipsarevic'],['Alex-Bogomolov-Jr']
48,84,['Janko-Tipsarevic'],['Michael-Berrer']
48,84,['Janko-Tipsarevic'],['Michael-Berrer']
48,74,['Janko-Tipsarevic'],['Potito-Starace']
48,68,['Janko-Tipsarevic'],['Igor-Kunitsyn']
48,62,['Janko-Tipsarevic'],['Dmitry-Tursunov']
62,48,['Dmitry-Tursunov'],['Janko-Tipsarevic']
48,80,['Janko-Tipsarevic'],['Viktor-Troicki']
48,65,['Janko-Tipsarevic'],['Philipp-Petzschner']
48,65,['Janko-Tipsarevic'],['Philipp-Petzschner']
48,54,['Janko-Tipsarevic'],['Grigor-Dimitrov']
48,54,['Janko-Tipsarevic'],['Grigor-Dimitrov']
48,52,['Janko-Tipsarevic'],['Mikhail-Kukushkin']
49,48,['Andreas-Seppi'],['Janko-Tipsarevic']
48,85,['Janko-Tipsarevic'],['Pere-Riba']
69,48,['Philipp-Kohlschreiber'],['Janko-Tipsarevic']
48,60,['Janko-Tipsarevic'],['Robin-Haase']
64,48,['Sam-Querrey'],['Janko-Tipsarevic']
48,59,['Janko-Tipsarevic'],['Eduardo-Schwank']
76,48,['Xavier-Malisse'],['Janko-Tipsarevic']
49,64,['Andreas-Seppi'],['Sam-Querrey']
49,78,['Andreas-Seppi'],['Igor-Andreev']
49,78,['Andreas-Seppi'],['Igor-Andreev']
49,78,['Andreas-Seppi'],['Igor-Andreev']
84,49,['Michael-Berrer'],['Andreas-Seppi']
79,49,['Juan-Ignacio-Chela'],['Andreas-Seppi']
49,67,['Andreas-Seppi'],['Denis-Istomin']
49,67,['Andreas-Seppi'],['Denis-Istomin']
49,85,['Andreas-Seppi'],['Pere-Riba']
49,60,['Andreas-Seppi'],['Robin-Haase']
60,49,['Robin-Haase'],['Andreas-Seppi']
49,91,['Andreas-Seppi'],['Albert-Montanes']
49,68,['Andreas-Seppi'],['Igor-Kunitsyn']
71,49,['Lleyton-Hewitt'],['Andreas-Seppi']
90,49,['Thomaz-Bellucci'],['Andreas-Seppi']
56,49,['Victor-Hanescu'],['Andreas-Seppi']
65,49,['Philipp-Petzschner'],['Andreas-Seppi']
77,49,['Jurgen-Melzer'],['Andreas-Seppi']
49,94,['Andreas-Seppi'],['Arnaud-Clement']
69,49,['Philipp-Kohlschreiber'],['Andreas-Seppi']
81,50,['Yen-Hsun-Lu'],['Simone-Bolelli']
54,50,['Grigor-Dimitrov'],['Simone-Bolelli']
50,59,['Simone-Bolelli'],['Eduardo-Schwank']
50,52,['Simone-Bolelli'],['Mikhail-Kukushkin']
82,50,['Alex-Bogomolov-Jr'],['Simone-Bolelli']
69,51,['Philipp-Kohlschreiber'],['Carlos-Berlocq']
69,51,['Philipp-Kohlschreiber'],['Carlos-Berlocq']
69,51,['Philipp-Kohlschreiber'],['Carlos-Berlocq']
51,92,['Carlos-Berlocq'],['Andreas-Haider-Maurer']
51,92,['Carlos-Berlocq'],['Andreas-Haider-Maurer']
51,92,['Carlos-Berlocq'],['Andreas-Haider-Maurer']
51,92,['Carlos-Berlocq'],['Andreas-Haider-Maurer']
51,85,['Carlos-Berlocq'],['Pere-Riba']
51,70,['Carlos-Berlocq'],['Tommy-Robredo']
51,60,['Carlos-Berlocq'],['Robin-Haase']
60,51,['Robin-Haase'],['Carlos-Berlocq']
53,51,['Mikhail-Youzhny'],['Carlos-Berlocq']
51,86,['Carlos-Berlocq'],['Ruben-Ramirez-Hidalgo']
51,73,['Carlos-Berlocq'],['Albert-Ramos']
87,51,['Lukasz-Kubot'],['Carlos-Berlocq']
87,51,['Lukasz-Kubot'],['Carlos-Berlocq']
58,51,['Pablo-Cuevas'],['Carlos-Berlocq']
66,51,['James-Blake'],['Carlos-Berlocq']
90,51,['Thomaz-Bellucci'],['Carlos-Berlocq']
52,92,['Mikhail-Kukushkin'],['Andreas-Haider-Maurer']
92,52,['Andreas-Haider-Maurer'],['Mikhail-Kukushkin']
52,66,['Mikhail-Kukushkin'],['James-Blake']
66,52,['James-Blake'],['Mikhail-Kukushkin']
66,52,['James-Blake'],['Mikhail-Kukushkin']
84,52,['Michael-Berrer'],['Mikhail-Kukushkin']
52,95,['Mikhail-Kukushkin'],['Lukas-Rosol']
52,95,['Mikhail-Kukushkin'],['Lukas-Rosol']
82,52,['Alex-Bogomolov-Jr'],['Mikhail-Kukushkin']
52,91,['Mikhail-Kukushkin'],['Albert-Montanes']
91,52,['Albert-Montanes'],['Mikhail-Kukushkin']
73,52,['Albert-Ramos'],['Mikhail-Kukushkin']
67,52,['Denis-Istomin'],['Mikhail-Kukushkin']
52,81,['Mikhail-Kukushkin'],['Yen-Hsun-Lu']
53,52,['Mikhail-Youzhny'],['Mikhail-Kukushkin']
79,52,['Juan-Ignacio-Chela'],['Mikhail-Kukushkin']
52,64,['Mikhail-Kukushkin'],['Sam-Querrey']
64,52,['Sam-Querrey'],['Mikhail-Kukushkin']
52,103,['Mikhail-Kukushkin'],['Michael-Kohlmann']
87,52,['Lukasz-Kubot'],['Mikhail-Kukushkin']
94,52,['Arnaud-Clement'],['Mikhail-Kukushkin']
69,53,['Philipp-Kohlschreiber'],['Mikhail-Youzhny']
69,53,['Philipp-Kohlschreiber'],['Mikhail-Youzhny']
69,53,['Philipp-Kohlschreiber'],['Mikhail-Youzhny']
53,55,['Mikhail-Youzhny'],['Sergiy-Stakhovsky']
53,61,['Mikhail-Youzhny'],['Adrian-Mannarino']
53,90,['Mikhail-Youzhny'],['Thomaz-Bellucci']
53,67,['Mikhail-Youzhny'],['Denis-Istomin']
53,92,['Mikhail-Youzhny'],['Andreas-Haider-Maurer']
53,65,['Mikhail-Youzhny'],['Philipp-Petzschner']
65,53,['Philipp-Petzschner'],['Mikhail-Youzhny']
91,53,['Albert-Montanes'],['Mikhail-Youzhny']
80,53,['Viktor-Troicki'],['Mikhail-Youzhny']
53,81,['Mikhail-Youzhny'],['Yen-Hsun-Lu']
54,79,['Grigor-Dimitrov'],['Juan-Ignacio-Chela']
82,54,['Alex-Bogomolov-Jr'],['Grigor-Dimitrov']
96,54,['Rajeev-Ram'],['Grigor-Dimitrov']
54,63,['Grigor-Dimitrov'],['Kevin-Anderson']
90,54,['Thomaz-Bellucci'],['Grigor-Dimitrov']
93,54,['Jeremy-Chardy'],['Grigor-Dimitrov']
55,54,['Sergiy-Stakhovsky'],['Grigor-Dimitrov']
62,54,['Dmitry-Tursunov'],['Grigor-Dimitrov']
55,68,['Sergiy-Stakhovsky'],['Igor-Kunitsyn']
80,55,['Viktor-Troicki'],['Sergiy-Stakhovsky']
80,55,['Viktor-Troicki'],['Sergiy-Stakhovsky']
84,55,['Michael-Berrer'],['Sergiy-Stakhovsky']
55,69,['Sergiy-Stakhovsky'],['Philipp-Kohlschreiber']
55,60,['Sergiy-Stakhovsky'],['Robin-Haase']
60,55,['Robin-Haase'],['Sergiy-Stakhovsky']
55,56,['Sergiy-Stakhovsky'],['Victor-Hanescu']
55,91,['Sergiy-Stakhovsky'],['Albert-Montanes']
55,67,['Sergiy-Stakhovsky'],['Denis-Istomin']
74,55,['Potito-Starace'],['Sergiy-Stakhovsky']
55,87,['Sergiy-Stakhovsky'],['Lukasz-Kubot']
70,55,['Tommy-Robredo'],['Sergiy-Stakhovsky']
56,73,['Victor-Hanescu'],['Albert-Ramos']
73,56,['Albert-Ramos'],['Victor-Hanescu']
72,56,['Ryan-Harrison'],['Victor-Hanescu']
85,56,['Pere-Riba'],['Victor-Hanescu']
56,60,['Victor-Hanescu'],['Robin-Haase']
56,61,['Victor-Hanescu'],['Adrian-Mannarino']
76,56,['Xavier-Malisse'],['Victor-Hanescu']
56,75,['Victor-Hanescu'],['Rui-Machado']
56,63,['Victor-Hanescu'],['Kevin-Anderson']
56,63,['Victor-Hanescu'],['Kevin-Anderson']
63,56,['Kevin-Anderson'],['Victor-Hanescu']
56,84,['Victor-Hanescu'],['Michael-Berrer']
74,56,['Potito-Starace'],['Victor-Hanescu']
82,56,['Alex-Bogomolov-Jr'],['Victor-Hanescu']
61,57,['Adrian-Mannarino'],['Horacio-Zeballos']
75,57,['Rui-Machado'],['Horacio-Zeballos']
57,82,['Horacio-Zeballos'],['Alex-Bogomolov-Jr']
57,88,['Horacio-Zeballos'],['Robert-Kendrick']
57,72,['Horacio-Zeballos'],['Ryan-Harrison']
57,59,['Horacio-Zeballos'],['Eduardo-Schwank']
79,57,['Juan-Ignacio-Chela'],['Horacio-Zeballos']
74,57,['Potito-Starace'],['Horacio-Zeballos']
58,87,['Pablo-Cuevas'],['Lukasz-Kubot']
87,58,['Lukasz-Kubot'],['Pablo-Cuevas']
58,85,['Pablo-Cuevas'],['Pere-Riba']
58,90,['Pablo-Cuevas'],['Thomaz-Bellucci']
63,58,['Kevin-Anderson'],['Pablo-Cuevas']
58,66,['Pablo-Cuevas'],['James-Blake']
58,84,['Pablo-Cuevas'],['Michael-Berrer']
58,74,['Pablo-Cuevas'],['Potito-Starace']
74,58,['Potito-Starace'],['Pablo-Cuevas']
60,58,['Robin-Haase'],['Pablo-Cuevas']
59,75,['Eduardo-Schwank'],['Rui-Machado']
93,59,['Jeremy-Chardy'],['Eduardo-Schwank']
59,98,['Eduardo-Schwank'],['Juan-Sebastian-Cabal']
59,89,['Eduardo-Schwank'],['Dustin-Brown']
59,79,['Eduardo-Schwank'],['Juan-Ignacio-Chela']
87,59,['Lukasz-Kubot'],['Eduardo-Schwank']
87,59,['Lukasz-Kubot'],['Eduardo-Schwank']
59,78,['Eduardo-Schwank'],['Igor-Andreev']
78,59,['Igor-Andreev'],['Eduardo-Schwank']
60,75,['Robin-Haase'],['Rui-Machado']
60,66,['Robin-Haase'],['James-Blake']
60,74,['Robin-Haase'],['Potito-Starace']
60,91,['Robin-Haase'],['Albert-Montanes']
63,60,['Kevin-Anderson'],['Robin-Haase']
60,85,['Robin-Haase'],['Pere-Riba']
92,60,['Andreas-Haider-Maurer'],['Robin-Haase']
60,81,['Robin-Haase'],['Yen-Hsun-Lu']
77,60,['Jurgen-Melzer'],['Robin-Haase']
61,95,['Adrian-Mannarino'],['Lukas-Rosol']
95,61,['Lukas-Rosol'],['Adrian-Mannarino']
61,62,['Adrian-Mannarino'],['Dmitry-Tursunov']
82,61,['Alex-Bogomolov-Jr'],['Adrian-Mannarino']
73,61,['Albert-Ramos'],['Adrian-Mannarino']
61,79,['Adrian-Mannarino'],['Juan-Ignacio-Chela']
93,61,['Jeremy-Chardy'],['Adrian-Mannarino']
86,61,['Ruben-Ramirez-Hidalgo'],['Adrian-Mannarino']
71,61,['Lleyton-Hewitt'],['Adrian-Mannarino']
63,61,['Kevin-Anderson'],['Adrian-Mannarino']
61,72,['Adrian-Mannarino'],['Ryan-Harrison']
61,94,['Adrian-Mannarino'],['Arnaud-Clement']
74,62,['Potito-Starace'],['Dmitry-Tursunov']
62,73,['Dmitry-Tursunov'],['Albert-Ramos']
62,90,['Dmitry-Tursunov'],['Thomaz-Bellucci']
80,62,['Viktor-Troicki'],['Dmitry-Tursunov']
80,62,['Viktor-Troicki'],['Dmitry-Tursunov']
62,77,['Dmitry-Tursunov'],['Jurgen-Melzer']
77,62,['Jurgen-Melzer'],['Dmitry-Tursunov']
62,88,['Dmitry-Tursunov'],['Robert-Kendrick']
62,76,['Dmitry-Tursunov'],['Xavier-Malisse']
76,62,['Xavier-Malisse'],['Dmitry-Tursunov']
62,104,['Dmitry-Tursunov'],['Simon-Aspelin']
62,65,['Dmitry-Tursunov'],['Philipp-Petzschner']
62,95,['Dmitry-Tursunov'],['Lukas-Rosol']
63,92,['Kevin-Anderson'],['Andreas-Haider-Maurer']
63,77,['Kevin-Anderson'],['Jurgen-Melzer']
63,91,['Kevin-Anderson'],['Albert-Montanes']
63,76,['Kevin-Anderson'],['Xavier-Malisse']
80,63,['Viktor-Troicki'],['Kevin-Anderson']
79,63,['Juan-Ignacio-Chela'],['Kevin-Anderson']
64,63,['Sam-Querrey'],['Kevin-Anderson']
88,63,['Robert-Kendrick'],['Kevin-Anderson']
64,73,['Sam-Querrey'],['Albert-Ramos']
64,69,['Sam-Querrey'],['Philipp-Kohlschreiber']
80,64,['Viktor-Troicki'],['Sam-Querrey']
70,64,['Tommy-Robredo'],['Sam-Querrey']
64,89,['Sam-Querrey'],['Dustin-Brown']
64,67,['Sam-Querrey'],['Denis-Istomin']
87,64,['Lukasz-Kubot'],['Sam-Querrey']
65,87,['Philipp-Petzschner'],['Lukasz-Kubot']
65,73,['Philipp-Petzschner'],['Albert-Ramos']
65,69,['Philipp-Petzschner'],['Philipp-Kohlschreiber']
69,65,['Philipp-Kohlschreiber'],['Philipp-Petzschner']
65,78,['Philipp-Petzschner'],['Igor-Andreev']
65,74,['Philipp-Petzschner'],['Potito-Starace']
65,77,['Philipp-Petzschner'],['Jurgen-Melzer']
65,89,['Philipp-Petzschner'],['Dustin-Brown']
79,65,['Juan-Ignacio-Chela'],['Philipp-Petzschner']
82,65,['Alex-Bogomolov-Jr'],['Philipp-Petzschner']
66,84,['James-Blake'],['Michael-Berrer']
66,82,['James-Blake'],['Alex-Bogomolov-Jr']
66,90,['James-Blake'],['Thomaz-Bellucci']
88,66,['Robert-Kendrick'],['James-Blake']
80,67,['Viktor-Troicki'],['Denis-Istomin']
67,69,['Denis-Istomin'],['Philipp-Kohlschreiber']
67,69,['Denis-Istomin'],['Philipp-Kohlschreiber']
67,105,['Denis-Istomin'],['Mikhail-Elgin']
67,105,['Denis-Istomin'],['Mikhail-Elgin']
68,82,['Igor-Kunitsyn'],['Alex-Bogomolov-Jr']
82,68,['Alex-Bogomolov-Jr'],['Igor-Kunitsyn']
76,68,['Xavier-Malisse'],['Igor-Kunitsyn']
68,77,['Igor-Kunitsyn'],['Jurgen-Melzer']
68,83,['Igor-Kunitsyn'],['Fernando-Gonzalez']
68,88,['Igor-Kunitsyn'],['Robert-Kendrick']
68,88,['Igor-Kunitsyn'],['Robert-Kendrick']
88,68,['Robert-Kendrick'],['Igor-Kunitsyn']
88,68,['Robert-Kendrick'],['Igor-Kunitsyn']
69,94,['Philipp-Kohlschreiber'],['Arnaud-Clement']
82,69,['Alex-Bogomolov-Jr'],['Philipp-Kohlschreiber']
93,69,['Jeremy-Chardy'],['Philipp-Kohlschreiber']
69,70,['Philipp-Kohlschreiber'],['Tommy-Robredo']
69,91,['Philipp-Kohlschreiber'],['Albert-Montanes']
91,69,['Albert-Montanes'],['Philipp-Kohlschreiber']
69,71,['Philipp-Kohlschreiber'],['Lleyton-Hewitt']
79,69,['Juan-Ignacio-Chela'],['Philipp-Kohlschreiber']
69,80,['Philipp-Kohlschreiber'],['Viktor-Troicki']
69,81,['Philipp-Kohlschreiber'],['Yen-Hsun-Lu']
70,86,['Tommy-Robredo'],['Ruben-Ramirez-Hidalgo']
81,70,['Yen-Hsun-Lu'],['Tommy-Robredo']
80,70,['Viktor-Troicki'],['Tommy-Robredo']
70,73,['Tommy-Robredo'],['Albert-Ramos']
90,70,['Thomaz-Bellucci'],['Tommy-Robredo']
96,71,['Rajeev-Ram'],['Lleyton-Hewitt']
71,81,['Lleyton-Hewitt'],['Yen-Hsun-Lu']
81,71,['Yen-Hsun-Lu'],['Lleyton-Hewitt']
72,80,['Ryan-Harrison'],['Viktor-Troicki']
80,72,['Viktor-Troicki'],['Ryan-Harrison']
72,79,['Ryan-Harrison'],['Juan-Ignacio-Chela']
72,81,['Ryan-Harrison'],['Yen-Hsun-Lu']
72,76,['Ryan-Harrison'],['Xavier-Malisse']
72,96,['Ryan-Harrison'],['Rajeev-Ram']
94,72,['Arnaud-Clement'],['Ryan-Harrison']
84,72,['Michael-Berrer'],['Ryan-Harrison']
72,93,['Ryan-Harrison'],['Jeremy-Chardy']
72,88,['Ryan-Harrison'],['Robert-Kendrick']
76,73,['Xavier-Malisse'],['Albert-Ramos']
73,85,['Albert-Ramos'],['Pere-Riba']
73,85,['Albert-Ramos'],['Pere-Riba']
85,73,['Pere-Riba'],['Albert-Ramos']
73,78,['Albert-Ramos'],['Igor-Andreev']
73,81,['Albert-Ramos'],['Yen-Hsun-Lu']
73,86,['Albert-Ramos'],['Ruben-Ramirez-Hidalgo']
73,84,['Albert-Ramos'],['Michael-Berrer']
93,74,['Jeremy-Chardy'],['Potito-Starace']
85,74,['Pere-Riba'],['Potito-Starace']
85,74,['Pere-Riba'],['Potito-Starace']
74,84,['Potito-Starace'],['Michael-Berrer']
74,79,['Potito-Starace'],['Juan-Ignacio-Chela']
95,74,['Lukas-Rosol'],['Potito-Starace']
78,74,['Igor-Andreev'],['Potito-Starace']
74,80,['Potito-Starace'],['Viktor-Troicki']
74,86,['Potito-Starace'],['Ruben-Ramirez-Hidalgo']
74,87,['Potito-Starace'],['Lukasz-Kubot']
75,91,['Rui-Machado'],['Albert-Montanes']
95,75,['Lukas-Rosol'],['Rui-Machado']
86,75,['Ruben-Ramirez-Hidalgo'],['Rui-Machado']
79,75,['Juan-Ignacio-Chela'],['Rui-Machado']
90,75,['Thomaz-Bellucci'],['Rui-Machado']
76,84,['Xavier-Malisse'],['Michael-Berrer']
92,76,['Andreas-Haider-Maurer'],['Xavier-Malisse']
76,77,['Xavier-Malisse'],['Jurgen-Melzer']
76,82,['Xavier-Malisse'],['Alex-Bogomolov-Jr']
76,81,['Xavier-Malisse'],['Yen-Hsun-Lu']
76,91,['Xavier-Malisse'],['Albert-Montanes']
91,76,['Albert-Montanes'],['Xavier-Malisse']
94,76,['Arnaud-Clement'],['Xavier-Malisse']
78,77,['Igor-Andreev'],['Jurgen-Melzer']
95,77,['Lukas-Rosol'],['Jurgen-Melzer']
77,91,['Jurgen-Melzer'],['Albert-Montanes']
93,77,['Jeremy-Chardy'],['Jurgen-Melzer']
77,85,['Jurgen-Melzer'],['Pere-Riba']
84,78,['Michael-Berrer'],['Igor-Andreev']
90,78,['Thomaz-Bellucci'],['Igor-Andreev']
80,78,['Viktor-Troicki'],['Igor-Andreev']
78,85,['Igor-Andreev'],['Pere-Riba']
85,78,['Pere-Riba'],['Igor-Andreev']
78,93,['Igor-Andreev'],['Jeremy-Chardy']
79,91,['Juan-Ignacio-Chela'],['Albert-Montanes']
91,79,['Albert-Montanes'],['Juan-Ignacio-Chela']
82,79,['Alex-Bogomolov-Jr'],['Juan-Ignacio-Chela']
79,95,['Juan-Ignacio-Chela'],['Lukas-Rosol']
79,87,['Juan-Ignacio-Chela'],['Lukasz-Kubot']
79,90,['Juan-Ignacio-Chela'],['Thomaz-Bellucci']
80,79,['Viktor-Troicki'],['Juan-Ignacio-Chela']
80,85,['Viktor-Troicki'],['Pere-Riba']
80,82,['Viktor-Troicki'],['Alex-Bogomolov-Jr']
80,93,['Viktor-Troicki'],['Jeremy-Chardy']
80,106,['Viktor-Troicki'],['Robert-Lindstedt']
81,80,['Yen-Hsun-Lu'],['Viktor-Troicki']
80,102,['Viktor-Troicki'],['Rohan-Bopanna']
81,85,['Yen-Hsun-Lu'],['Pere-Riba']
82,90,['Alex-Bogomolov-Jr'],['Thomaz-Bellucci']
82,90,['Alex-Bogomolov-Jr'],['Thomaz-Bellucci']
82,93,['Alex-Bogomolov-Jr'],['Jeremy-Chardy']
95,82,['Lukas-Rosol'],['Alex-Bogomolov-Jr']
83,93,['Fernando-Gonzalez'],['Jeremy-Chardy']
95,83,['Lukas-Rosol'],['Fernando-Gonzalez']
84,105,['Michael-Berrer'],['Mikhail-Elgin']
84,94,['Michael-Berrer'],['Arnaud-Clement']
84,97,['Michael-Berrer'],['Alexander-Peya']
91,84,['Albert-Montanes'],['Michael-Berrer']
85,92,['Pere-Riba'],['Andreas-Haider-Maurer']
86,85,['Ruben-Ramirez-Hidalgo'],['Pere-Riba']
85,94,['Pere-Riba'],['Arnaud-Clement']
93,86,['Jeremy-Chardy'],['Ruben-Ramirez-Hidalgo']
86,89,['Ruben-Ramirez-Hidalgo'],['Dustin-Brown']
91,86,['Albert-Montanes'],['Ruben-Ramirez-Hidalgo']
91,86,['Albert-Montanes'],['Ruben-Ramirez-Hidalgo']
87,86,['Lukasz-Kubot'],['Ruben-Ramirez-Hidalgo']
87,95,['Lukasz-Kubot'],['Lukas-Rosol']
87,94,['Lukasz-Kubot'],['Arnaud-Clement']
90,87,['Thomaz-Bellucci'],['Lukasz-Kubot']
89,105,['Dustin-Brown'],['Mikhail-Elgin']
92,89,['Andreas-Haider-Maurer'],['Dustin-Brown']
89,96,['Dustin-Brown'],['Rajeev-Ram']
96,89,['Rajeev-Ram'],['Dustin-Brown']
95,89,['Lukas-Rosol'],['Dustin-Brown']
100,89,['Santiago-Gonzalez'],['Dustin-Brown']
89,94,['Dustin-Brown'],['Arnaud-Clement']
91,89,['Albert-Montanes'],['Dustin-Brown']
94,95,['Arnaud-Clement'],['Lukas-Rosol']
95,94,['Lukas-Rosol'],['Arnaud-Clement']
94,97,['Arnaud-Clement'],['Alexander-Peya']
94,96,['Arnaud-Clement'],['Rajeev-Ram']
101,95,['Marc-Lopez'],['Lukas-Rosol']
95,96,['Lukas-Rosol'],['Rajeev-Ram']
96,105,['Rajeev-Ram'],['Mikhail-Elgin']
105,107,['Mikhail-Elgin'],['Jean-Julien-Rojer']
